category	source_file	line	code_span
angle-placeholder	.github/agents/copilot-suggestions-handler.agent.md	14	docs/pr-reviews/pr-<PR_NUMBER>-review.md
rust-source-example	.github/agents/implementer.agent.md	156	src/bar.rs
angle-placeholder	.github/prompts/process-copilot-suggestions.prompt.md	18	docs/pr-reviews/pr-<PR_NUMBER>-review.md
directory-reference	.github/skills/dev/maintenance/catalog-security-vulnerabilities/SKILL.md	68	docs/security/analysis/affecting/
glob-pattern	.github/skills/dev/maintenance/run-manual-docker-security-scan/SKILL.md	31	docs/security/analysis/production/CVE-*.md
angle-placeholder	.github/skills/dev/maintenance/run-manual-docker-security-scan/SKILL.md	75	docs/security/analysis/production/CVE-<id>.md
angle-placeholder	.github/skills/dev/maintenance/run-manual-docker-security-scan/SKILL.md	76	docs/security/analysis/build/CVE-<id>.md
glob-pattern	.github/skills/dev/maintenance/update-github-workflow-actions/SKILL.md	68	.github/workflows/*.yaml
ellipsis-placeholder	.github/skills/dev/planning/cleanup-completed-issues/SKILL.md	160	docs/issues/open/...
ellipsis-placeholder	.github/skills/dev/planning/cleanup-completed-issues/SKILL.md	160	docs/issues/closed/...
ellipsis-placeholder	.github/skills/dev/planning/cleanup-completed-issues/SKILL.md	177	docs/issues/open/...
ellipsis-placeholder	.github/skills/dev/planning/cleanup-completed-issues/SKILL.md	179	docs/issues/closed/...
angle-placeholder	.github/skills/dev/planning/cleanup-completed-issues/SKILL.md	220	docs/issues/open/<epic-slug>/EPIC.md
ellipsis-placeholder	.github/skills/dev/planning/cleanup-completed-issues/SKILL.md	221	docs/issues/open/...
historical-open-issue-reference	.github/skills/dev/planning/cleanup-completed-issues/SKILL.md	262	docs/issues/open/\
other-missing-literal	.github/skills/dev/planning/cleanup-completed-issues/SKILL.md	262	docs/issues/closed/\
angle-placeholder	.github/skills/dev/planning/create-adr/SKILL.md	75	packages/<package>/docs/adrs/
angle-placeholder	.github/skills/dev/planning/create-issue/SKILL.md	184	packages/<package>/docs/adrs/
brace-placeholder	.github/skills/dev/planning/create-issue/SKILL.md	248	docs/issues/open/{number}-{short-description}/ISSUE.md
angle-placeholder	.github/skills/dev/pr-reviews/process-copilot-suggestions/SKILL.md	19	docs/pr-reviews/pr-<PR_NUMBER>-review.md
angle-placeholder	.github/skills/dev/pr-reviews/process-pr-review-feedback/SKILL.md	19	docs/pr-reviews/pr-<PR_NUMBER>-review.md
angle-placeholder	.github/skills/dev/pr-reviews/process-pr-review/SKILL.md	19	docs/pr-reviews/pr-<PR_NUMBER>-review.md
rust-source-example	.github/skills/dev/testing/manual-http-download-completion-e2e/SKILL.md	21	src/bin/qbittorrent_e2e_runner.rs
rust-source-example	.github/skills/dev/testing/manual-http-download-completion-e2e/SKILL.md	307	src/bin/qbittorrent_e2e_runner.rs
rust-source-example	.github/skills/dev/testing/manual-udp-download-completion-e2e/SKILL.md	207	src/bin/qbittorrent_e2e_runner.rs
retired-workflow-or-experiment	contrib/dev-tools/experiments/sccache-docker/04-gha-workflow-experiments/REPORT.md	14	.github/workflows/experiment-sccache-bare-build.yaml
retired-workflow-or-experiment	contrib/dev-tools/experiments/sccache-docker/04-gha-workflow-experiments/REPORT.md	15	.github/workflows/experiment-sccache-docker.yaml
dated-template	docs/AGENTS.md	49	docs/adrs/YYYYMMDDHHMMSS_snake_case_title.md
angle-placeholder	docs/AGENTS.md	50	packages/<package>/docs/adrs/YYYYMMDDHHMMSS_snake_case_title.md
angle-placeholder	docs/AGENTS.md	51	docs/issues/drafts/<short-slug>/ISSUE.md
angle-placeholder	docs/AGENTS.md	52	docs/issues/open/<number>-<short-slug>.md
angle-placeholder	docs/AGENTS.md	52	docs/issues/open/<number>-<short-slug>/ISSUE.md
angle-placeholder	docs/AGENTS.md	54	docs/refactor-plans/open/<number>-<short-slug>.md
retired-source-path	docs/adrs/20240227164834_use_plural_for_modules_containing_collections.md	38	src/servers
retired-source-path	docs/adrs/20240227164834_use_plural_for_modules_containing_collections.md	39	src/servers/http/v1/requests
retired-source-path	docs/adrs/20240227164834_use_plural_for_modules_containing_collections.md	40	src/servers/http/v1/responses
retired-source-path	docs/adrs/20240227164834_use_plural_for_modules_containing_collections.md	41	src/servers/http/v1/services
historical-open-issue-reference	docs/adrs/20260519000000_define_global_cli_output_contract.md	202	docs/issues/open/1798-global-cli-output-contract-adr.md
security-analysis-path	docs/adrs/20260603000000_keep_unit_tests_inside_container_build.md	82	docs/security/analysis/non-affecting/2026-06-10_containerfile-trixie-cves.md
historical-open-issue-reference	docs/adrs/20260716000000_accept_only_ip_addresses_in_http_announce_ip_param.md	15	docs/issues/open/1985-rename-peer-addr-to-ip-in-http-announce-request/ISSUE.md
glob-pattern	docs/adrs/20260821172000_establish_ai_agent_context_capability_and_portability_governance.md	99	.github/agents/*.agent.md
glob-pattern	docs/adrs/20260821172000_establish_ai_agent_context_capability_and_portability_governance.md	100	.github/skills/**/SKILL.md
retired-source-path	docs/adrs/20260825193119_make_persistence_an_optional_application_composition_capability.md	29	packages/configuration::Validator
angle-placeholder	docs/adrs/20260830124000_place_adrs_by_decision_scope.md	42	packages/<package>/docs/adrs/
angle-placeholder	docs/adrs/README.md	32	packages/<package>/docs/adrs/
angle-placeholder	docs/adrs/index.md	14	packages/<package>/docs/adrs/index.md
glob-pattern	docs/agents/orchestration.md	19	.github/agents/*.agent.md
angle-placeholder	docs/agents/orchestration.md	198	docs/pr-reviews/pr-<number>-review.md
directory-reference	docs/issues/closed/1459-docker-security-overhaul/ISSUE.md	46	docs/security/analysis/non-affecting/
directory-reference	docs/issues/closed/1459-docker-security-overhaul/ISSUE.md	102	docs/security/analysis/non-affecting/
glob-pattern	docs/issues/closed/1459-docker-security-overhaul/ISSUE.md	135	docs/security/docker/scans/*
glob-pattern	docs/issues/closed/1459-docker-security-overhaul/ISSUE.md	136	docs/security/analysis/non-affecting/CVE-*.md
historical-closed-doc	docs/issues/closed/1505-optimize-peer-ip-list-from-swarm/ISSUE.md	149	packages/tracker-client/src/http/client/responses/announce.rs
historical-closed-doc	docs/issues/closed/1505-optimize-peer-ip-list-from-swarm/pre-implementation-analysis.md	32	packages/tracker-client/src/http/client/responses/announce.rs
historical-closed-doc	docs/issues/closed/1505-optimize-peer-ip-list-from-swarm/pre-implementation-analysis.md	54	packages/http-protocol/src/v1/responses/announce.rs
historical-closed-doc	docs/issues/closed/1505-optimize-peer-ip-list-from-swarm/pre-implementation-analysis.md	56	packages/tracker-client/src/http/client/responses/announce.rs
historical-closed-doc	docs/issues/closed/1505-optimize-peer-ip-list-from-swarm/pre-implementation-analysis.md	57	packages/axum-http-server/tests/server/responses/announce.rs
historical-closed-doc	docs/issues/closed/1505-optimize-peer-ip-list-from-swarm/pre-implementation-analysis.md	124	packages/http-protocol/src/v1/responses/announce.rs
historical-closed-doc	docs/issues/closed/1507-review-localhost-peer-ip.md	79	packages/axum-http-server/tests/server/v1/contract.rs
historical-closed-doc	docs/issues/closed/1525-overhaul-persistence.md	108	docs/issues/1703-1525-01-persistence-test-coverage.md
historical-closed-doc	docs/issues/closed/1525-overhaul-persistence.md	114	docs/issues/1706-1525-02-qbittorrent-e2e.md
historical-closed-doc	docs/issues/closed/1525-overhaul-persistence.md	120	docs/issues/1525-03-persistence-benchmarking.md
historical-closed-doc	docs/issues/closed/1525-overhaul-persistence.md	125	docs/issues/1713-1525-04-split-persistence-traits.md
historical-closed-doc	docs/issues/closed/1525-overhaul-persistence.md	130	docs/issues/1715-1525-04b-migrate-consumers-to-narrow-traits.md
historical-closed-doc	docs/issues/closed/1525-overhaul-persistence.md	136	docs/issues/1525-05-migrate-sqlite-and-mysql-to-sqlx.md
historical-closed-doc	docs/issues/closed/1525-overhaul-persistence.md	141	docs/issues/1719-1525-06-introduce-schema-migrations.md
historical-closed-doc	docs/issues/closed/1525-overhaul-persistence.md	146	docs/issues/1721-1525-07-align-rust-and-db-types.md
historical-closed-doc	docs/issues/closed/1525-overhaul-persistence.md	152	docs/issues/1723-1525-08-add-postgresql-driver.md
historical-closed-doc	docs/issues/closed/1532-http-tracker-client-add-optional-announce-params.md	153	packages/tracker-client/src/http/client/requests/announce.rs
historical-closed-doc	docs/issues/closed/1532-http-tracker-client-add-optional-announce-params.md	289	packages/tracker-client/src/http/client/requests/announce.rs
historical-closed-doc	docs/issues/closed/1533-udp-tracker-client-add-optional-announce-params.md	279	packages/peer-id/src/peer_id.rs
historical-closed-doc	docs/issues/closed/1564-tracker-client-change-default-peer-id.md	68	packages/tracker-client/src/http/client/requests/announce.rs
historical-closed-doc	docs/issues/closed/1564-tracker-client-change-default-peer-id.md	71	packages/http-protocol/src/v1/responses/announce.rs
historical-closed-doc	docs/issues/closed/1564-tracker-client-change-default-peer-id.md	134	packages/tracker-client/src/http/client/requests/announce.rs
historical-closed-doc	docs/issues/closed/1564-tracker-client-change-default-peer-id.md	151	packages/http-protocol/src/v1/responses/announce.rs
brace-placeholder	docs/issues/closed/1564-tracker-client-change-default-peer-id.md	195	packages/http-protocol/src/v1/{requests/announce.rs,responses/announce.rs,query.rs}
historical-closed-doc	docs/issues/closed/1564-tracker-client-change-default-peer-id.md	220	docs/issues/open/1564-tracker-client-change-default-peer-id.md
historical-closed-doc	docs/issues/closed/1582-add-prometheus-deserialization-metrics/ISSUE.md	46	packages/metrics/src/prometheus.rs
historical-closed-doc	docs/issues/closed/1582-add-prometheus-deserialization-metrics/ISSUE.md	66	packages/metrics/src/prometheus.rs
historical-closed-doc	docs/issues/closed/1582-add-prometheus-deserialization-metrics/ISSUE.md	82	packages/metrics/src/prometheus.rs
historical-closed-doc	docs/issues/closed/1582-add-prometheus-deserialization-metrics/ISSUE.md	101	packages/metrics/src/prometheus.rs
historical-closed-doc	docs/issues/closed/1582-add-prometheus-deserialization-metrics/ISSUE.md	141	packages/metrics/src/label/set.rs
historical-closed-doc	docs/issues/closed/1582-add-prometheus-deserialization-metrics/ISSUE.md	142	packages/metrics/src/label/set/from_openmetrics.rs
historical-closed-doc	docs/issues/closed/1582-add-prometheus-deserialization-metrics/ISSUE.md	184	packages/metrics/src/prometheus.rs
historical-closed-doc	docs/issues/closed/1582-add-prometheus-deserialization-metrics/ISSUE.md	185	packages/metrics/src/metric_collection/mod.rs
historical-closed-doc	docs/issues/closed/1582-add-prometheus-deserialization-metrics/ISSUE.md	186	packages/metrics/src/label/set.rs
historical-closed-doc	docs/issues/closed/1582-add-prometheus-deserialization-metrics/ISSUE.md	187	packages/metrics/Cargo.toml
historical-closed-doc	docs/issues/closed/1582-add-prometheus-deserialization-metrics/ISSUE.md	191	packages/metrics/Cargo.toml
historical-closed-doc	docs/issues/closed/1582-add-prometheus-deserialization-metrics/ISSUE.md	197	packages/metrics/src/prometheus.rs
historical-closed-doc	docs/issues/closed/1582-add-prometheus-deserialization-metrics/ISSUE.md	205	packages/metrics/src/label/set.rs
historical-closed-doc	docs/issues/closed/1582-add-prometheus-deserialization-metrics/ISSUE.md	213	packages/metrics/src/metric_collection/mod.rs
historical-closed-doc	docs/issues/closed/1582-add-prometheus-deserialization-metrics/ISSUE.md	219	packages/metrics/src/metric_collection/mod.rs
historical-closed-doc	docs/issues/closed/1582-add-prometheus-deserialization-metrics/ISSUE.md	247	packages/metrics/src/prometheus.rs
historical-closed-doc	docs/issues/closed/1582-add-prometheus-deserialization-metrics/ISSUE.md	262	packages/metrics/src/prometheus.rs
historical-closed-doc	docs/issues/closed/1582-add-prometheus-deserialization-metrics/ISSUE.md	263	packages/metrics/src/metric_collection/mod.rs
historical-closed-doc	docs/issues/closed/1582-add-prometheus-deserialization-metrics/ISSUE.md	264	packages/metrics/src/label/set.rs
historical-closed-doc	docs/issues/closed/1582-add-prometheus-deserialization-metrics/increase-unit-test-coverage.md	86	packages/metrics/src/metric_collection/prometheus.rs
historical-closed-doc	docs/issues/closed/1582-add-prometheus-deserialization-metrics/increase-unit-test-coverage.md	101	packages/metrics/src/metric_collection/serde.rs
historical-closed-doc	docs/issues/closed/1582-add-prometheus-deserialization-metrics/increase-unit-test-coverage.md	112	packages/metrics/src/sample.rs
historical-closed-doc	docs/issues/closed/1582-add-prometheus-deserialization-metrics/increase-unit-test-coverage.md	121	packages/metrics/src/sample_collection.rs
historical-closed-doc	docs/issues/closed/1582-add-prometheus-deserialization-metrics/increase-unit-test-coverage.md	130	packages/metrics/src/metric_collection/aggregate/sum.rs
historical-closed-doc	docs/issues/closed/1582-add-prometheus-deserialization-metrics/increase-unit-test-coverage.md	139	packages/metrics/src/unit.rs
historical-closed-doc	docs/issues/closed/1582-add-prometheus-deserialization-metrics/increase-unit-test-coverage.md	149	packages/metrics/src/metric_collection/error.rs
historical-closed-doc	docs/issues/closed/1582-add-prometheus-deserialization-metrics/metric-collection-module-split.md	15	packages/metrics/src/metric_collection/mod.rs
historical-closed-doc	docs/issues/closed/1582-add-prometheus-deserialization-metrics/metric-collection-module-split.md	50	packages/metrics/src/metric_collection/error.rs
historical-closed-doc	docs/issues/closed/1582-add-prometheus-deserialization-metrics/metric-collection-module-split.md	59	packages/metrics/src/metric_collection/kind_collection.rs
historical-closed-doc	docs/issues/closed/1582-add-prometheus-deserialization-metrics/metric-collection-module-split.md	71	packages/metrics/src/metric_collection/serde.rs
historical-closed-doc	docs/issues/closed/1582-add-prometheus-deserialization-metrics/metric-collection-module-split.md	90	packages/metrics/src/metric_collection/prometheus.rs
historical-closed-doc	docs/issues/closed/1582-add-prometheus-deserialization-metrics/mutation-testing.md	297	docs/issues/1582-add-prometheus-deserialization-metrics/increase-unit-test-coverage.md
historical-closed-doc	docs/issues/closed/1671-ipv4-ipv6-client-metrics/ISSUE.md	101	packages/axum-http-server/tests/server/v1/contract.rs
historical-closed-doc	docs/issues/closed/1697-ai-agent-configuration.md	55	.github/agents/CUSTOM-AGENT-NAME.md
angle-placeholder	docs/issues/closed/1697-ai-agent-configuration.md	212	.github/agents/<agent-name>.md
angle-placeholder	docs/issues/closed/1697-ai-agent-configuration.md	354	docs/adrs/<YYYYMMDDHHMMSS>_ai-agent-framework-approach.md
historical-closed-doc	docs/issues/closed/1703-1525-01-persistence-test-coverage.md	168	docs/issues/1525-overhaul-persistence.md
historical-closed-doc	docs/issues/closed/1706-1525-02-qbittorrent-e2e.md	79	contrib/dev-tools/debugging/qbt/run-qbittorrent-e2e.py
historical-closed-doc	docs/issues/closed/1706-1525-02-qbittorrent-e2e.md	113	src/bin/qbittorrent_e2e_runner.rs
historical-closed-doc	docs/issues/closed/1706-1525-02-qbittorrent-e2e.md	239	docs/issues/1525-overhaul-persistence.md
historical-closed-doc	docs/issues/closed/1706-1525-02-qbittorrent-e2e.md	240	contrib/dev-tools/debugging/qbt/run-qbittorrent-e2e.py
directory-reference	docs/issues/closed/1710-1525-03-persistence-benchmarking.md	120	packages/tracker-core/benches/
angle-placeholder	docs/issues/closed/1710-1525-03-persistence-benchmarking.md	229	packages/tracker-core/docs/benchmarking/runs/<date>/sqlite3.json
angle-placeholder	docs/issues/closed/1710-1525-03-persistence-benchmarking.md	262	packages/tracker-core/docs/benchmarking/runs/<date>/sqlite3.json
historical-closed-doc	docs/issues/closed/1710-1525-03-persistence-benchmarking.md	274	packages/tracker-core/src/databases/driver/mysql.rs
angle-placeholder	docs/issues/closed/1713-1525-04-split-persistence-traits.md	110	docs/adrs/<timestamp>_keep_database_as_aggregate_supertrait.md
historical-closed-doc	docs/issues/closed/1713-1525-04-split-persistence-traits.md	314	docs/issues/1525-overhaul-persistence.md
historical-closed-doc	docs/issues/closed/1715-1525-04b-migrate-consumers-to-narrow-traits.md	146	packages/axum-rest-tracker-api-server/tests/server/mod.rs::force_database_error
directory-reference	docs/issues/closed/1717-1525-05-migrate-sqlite-and-mysql-to-sqlx.md	215	packages/tracker-core/src/databases/sqlx/mysql/
directory-reference	docs/issues/closed/1717-1525-05-migrate-sqlite-and-mysql-to-sqlx.md	259	src/bin/persistence_benchmark/driver_bench/
directory-reference	docs/issues/closed/1717-1525-05-migrate-sqlite-and-mysql-to-sqlx.md	260	src/bin/persistence_benchmark/driver_bench/operations/
directory-reference	docs/issues/closed/1717-1525-05-migrate-sqlite-and-mysql-to-sqlx.md	302	packages/tracker-core/src/databases/sqlx/
directory-reference	docs/issues/closed/1717-1525-05-migrate-sqlite-and-mysql-to-sqlx.md	308	packages/tracker-core/src/databases/sqlx/
historical-closed-doc	docs/issues/closed/1717-1525-05-migrate-sqlite-and-mysql-to-sqlx.md	330	packages/tracker-core/src/bin/persistence_benchmark_runner.rs
directory-reference	docs/issues/closed/1717-1525-05-migrate-sqlite-and-mysql-to-sqlx.md	331	packages/tracker-core/src/bin/persistence_benchmark/
historical-closed-doc	docs/issues/closed/1717-1525-05-migrate-sqlite-and-mysql-to-sqlx.md	333	docs/issues/1710-1525-03-persistence-benchmarking.md
directory-reference	docs/issues/closed/1717-1525-05-migrate-sqlite-and-mysql-to-sqlx.md	379	packages/tracker-core/src/databases/sqlx/
historical-closed-doc	docs/issues/closed/1717-1525-05-migrate-sqlite-and-mysql-to-sqlx.md	419	docs/issues/1713-1525-04-split-persistence-traits.md
historical-closed-doc	docs/issues/closed/1717-1525-05-migrate-sqlite-and-mysql-to-sqlx.md	421	docs/issues/1525-03-persistence-benchmarking.md
historical-closed-doc	docs/issues/closed/1717-1525-05-migrate-sqlite-and-mysql-to-sqlx.md	428	packages/tracker-core/src/databases/driver/sqlite.rs
historical-closed-doc	docs/issues/closed/1717-1525-05-migrate-sqlite-and-mysql-to-sqlx.md	429	packages/tracker-core/src/databases/driver/mysql.rs
historical-closed-doc	docs/issues/closed/1719-1525-06-introduce-schema-migrations.md	194	docs/issues/1717-1525-05-migrate-sqlite-and-mysql-to-sqlx.md
historical-closed-doc	docs/issues/closed/1719-1525-06-introduce-schema-migrations.md	259	packages/axum-rest-tracker-api-server/tests/server/mod.rs::force_database_error
historical-closed-doc	docs/issues/closed/1719-1525-06-introduce-schema-migrations.md	296	packages/tracker-core/src/databases/driver/mod.rs::database_setup
historical-closed-doc	docs/issues/closed/1719-1525-06-introduce-schema-migrations.md	380	docs/upgrade-to-v4.md
historical-closed-doc	docs/issues/closed/1719-1525-06-introduce-schema-migrations.md	757	docs/issues/1525-05-migrate-sqlite-and-mysql-to-sqlx.md
historical-closed-doc	docs/issues/closed/1719-1525-06-introduce-schema-migrations.md	759	docs/issues/1525-03-persistence-benchmarking.md
historical-closed-doc	docs/issues/closed/1719-1525-06-introduce-schema-migrations.md	762	docs/issues/1525-overhaul-persistence.md
historical-closed-doc	docs/issues/closed/1719-1525-06-introduce-schema-migrations.md	766	packages/tracker-core/src/databases/driver/sqlite.rs
historical-closed-doc	docs/issues/closed/1719-1525-06-introduce-schema-migrations.md	767	packages/tracker-core/src/databases/driver/mysql.rs
historical-closed-doc	docs/issues/closed/1721-1525-07-align-rust-and-db-types.md	263	docs/issues/1719-1525-06-introduce-schema-migrations.md
historical-closed-doc	docs/issues/closed/1721-1525-07-align-rust-and-db-types.md	265	docs/issues/1723-1525-08-add-postgresql-driver.md
historical-closed-doc	docs/issues/closed/1721-1525-07-align-rust-and-db-types.md	267	docs/issues/1525-03-persistence-benchmarking.md
historical-closed-doc	docs/issues/closed/1721-1525-07-align-rust-and-db-types.md	269	docs/issues/1525-overhaul-persistence.md
historical-closed-doc	docs/issues/closed/1723-1525-08-add-postgresql-driver.md	248	packages/tracker-core/src/databases/driver/postgres.rs
historical-closed-doc	docs/issues/closed/1723-1525-08-add-postgresql-driver.md	508	packages/tracker-core/src/databases/driver/postgres.rs
historical-closed-doc	docs/issues/closed/1723-1525-08-add-postgresql-driver.md	581	contrib/dev-tools/qa/run-db-compatibility-matrix.sh
historical-closed-doc	docs/issues/closed/1723-1525-08-add-postgresql-driver.md	658	contrib/dev-tools/bench/compose.bench-postgresql.yaml
historical-closed-doc	docs/issues/closed/1723-1525-08-add-postgresql-driver.md	664	docs/benchmarks/baseline.md
historical-closed-doc	docs/issues/closed/1723-1525-08-add-postgresql-driver.md	664	docs/benchmarks/baseline.json
historical-closed-doc	docs/issues/closed/1723-1525-08-add-postgresql-driver.md	670	docs/benchmarks/baseline.md
historical-closed-doc	docs/issues/closed/1723-1525-08-add-postgresql-driver.md	790	packages/tracker-core/src/databases/driver/postgres.rs
historical-closed-doc	docs/issues/closed/1723-1525-08-add-postgresql-driver.md	804	docs/benchmarks/baseline.md
historical-closed-doc	docs/issues/closed/1723-1525-08-add-postgresql-driver.md	995	docs/issues/1525-overhaul-persistence.md
historical-closed-doc	docs/issues/closed/1723-1525-08-add-postgresql-driver.md	996	docs/issues/1525-01-persistence-test-coverage.md
historical-closed-doc	docs/issues/closed/1723-1525-08-add-postgresql-driver.md	998	docs/issues/1706-1525-02-qbittorrent-e2e.md
historical-closed-doc	docs/issues/closed/1723-1525-08-add-postgresql-driver.md	1000	docs/issues/1525-03-persistence-benchmarking.md
historical-closed-doc	docs/issues/closed/1723-1525-08-add-postgresql-driver.md	1002	docs/issues/1719-1525-06-introduce-schema-migrations.md
historical-closed-doc	docs/issues/closed/1723-1525-08-add-postgresql-driver.md	1004	docs/issues/1721-1525-07-align-rust-and-db-types.md
historical-closed-doc	docs/issues/closed/1723-1525-08-add-postgresql-driver.md	1011	packages/tracker-core/src/databases/driver/postgres.rs
historical-closed-doc	docs/issues/closed/1723-1525-08-add-postgresql-driver.md	1016	contrib/dev-tools/qa/run-db-compatibility-matrix.sh
historical-closed-doc	docs/issues/closed/1723-1525-08-add-postgresql-driver.md	1017	contrib/dev-tools/qa/run-qbittorrent-e2e.py
historical-closed-doc	docs/issues/closed/1723-1525-08-add-postgresql-driver.md	1018	contrib/dev-tools/qa/run-before-after-db-benchmark.py
historical-closed-doc	docs/issues/closed/1726-1840-workflow-performance-sccache/ISSUE.md	85	docs/issues/1726-1840-workflow-performance-sccache/compile-hotspot-analysis.md
historical-closed-doc	docs/issues/closed/1732-replace-aquatic-udp-protocol/ISSUE.md	43	packages/aquatic-udp-protocol
historical-closed-doc	docs/issues/closed/1732-replace-aquatic-udp-protocol/ISSUE.md	74	packages/aquatic-peer-id
historical-closed-doc	docs/issues/closed/1732-replace-aquatic-udp-protocol/ISSUE.md	74	packages/aquatic-udp-protocol
historical-closed-doc	docs/issues/closed/1732-replace-aquatic-udp-protocol/ISSUE.md	104	packages/udp-tracker-core
historical-closed-doc	docs/issues/closed/1732-replace-aquatic-udp-protocol/ISSUE.md	106	packages/http-tracker-core
historical-closed-doc	docs/issues/closed/1732-replace-aquatic-udp-protocol/ISSUE.md	108	packages/axum-http-tracker-server
historical-closed-doc	docs/issues/closed/1732-replace-aquatic-udp-protocol/ISSUE.md	109	packages/axum-rest-tracker-api-server
historical-closed-doc	docs/issues/closed/1732-replace-aquatic-udp-protocol/ISSUE.md	114	packages/udp-tracker-server
historical-closed-doc	docs/issues/closed/1732-replace-aquatic-udp-protocol/ISSUE.md	127	packages/aquatic-udp-protocol
historical-closed-doc	docs/issues/closed/1732-replace-aquatic-udp-protocol/ISSUE.md	132	packages/aquatic-udp-protocol
historical-closed-doc	docs/issues/closed/1732-replace-aquatic-udp-protocol/ISSUE.md	133	packages/aquatic-peer-id
historical-closed-doc	docs/issues/closed/1732-replace-aquatic-udp-protocol/ISSUE.md	167	packages/aquatic-udp-protocol/Cargo.toml
historical-closed-doc	docs/issues/closed/1732-replace-aquatic-udp-protocol/ISSUE.md	168	packages/aquatic-peer-id/Cargo.toml
historical-closed-doc	docs/issues/closed/1732-replace-aquatic-udp-protocol/ISSUE.md	173	src/peer.rs
directory-reference	docs/issues/closed/1732-replace-aquatic-udp-protocol/ISSUE.md	174	packages/bittorrent-primitives/
historical-closed-doc	docs/issues/closed/1732-replace-aquatic-udp-protocol/ISSUE.md	185	packages/aquatic-udp-protocol
historical-closed-doc	docs/issues/closed/1732-replace-aquatic-udp-protocol/ISSUE.md	260	packages/udp-tracker-core
historical-closed-doc	docs/issues/closed/1732-replace-aquatic-udp-protocol/ISSUE.md	272	packages/aquatic-peer-id/src/lib.rs
historical-closed-doc	docs/issues/closed/1732-replace-aquatic-udp-protocol/ISSUE.md	282	packages/udp-protocol/src/peer_builder.rs
historical-closed-doc	docs/issues/closed/1732-replace-aquatic-udp-protocol/ISSUE.md	294	packages/udp-tracker-core
historical-closed-doc	docs/issues/closed/1732-replace-aquatic-udp-protocol/ISSUE.md	296	packages/udp-protocol/src/peer_builder.rs
historical-closed-doc	docs/issues/closed/1732-replace-aquatic-udp-protocol/ISSUE.md	297	packages/udp-tracker-core/src/peer_builder.rs
historical-closed-doc	docs/issues/closed/1732-replace-aquatic-udp-protocol/ISSUE.md	299	packages/udp-tracker-core/src/services/announce.rs
historical-closed-doc	docs/issues/closed/1732-replace-aquatic-udp-protocol/ISSUE.md	308	packages/aquatic-udp-protocol
historical-closed-doc	docs/issues/closed/1732-replace-aquatic-udp-protocol/ISSUE.md	315	packages/udp-protocol/src/peer_id.rs
historical-closed-doc	docs/issues/closed/1732-replace-aquatic-udp-protocol/ISSUE.md	323	packages/aquatic-udp-protocol
historical-closed-doc	docs/issues/closed/1732-replace-aquatic-udp-protocol/ISSUE.md	323	packages/aquatic-peer-id
directory-reference	docs/issues/closed/1732-replace-aquatic-udp-protocol/ISSUE.md	332	packages/bittorrent-primitives/
historical-closed-doc	docs/issues/closed/1732-replace-aquatic-udp-protocol/ISSUE.md	338	packages/bittorrent-primitives/Cargo.toml
historical-closed-doc	docs/issues/closed/1732-replace-aquatic-udp-protocol/ISSUE.md	339	src/info_hash.rs
directory-reference	docs/issues/closed/1732-replace-aquatic-udp-protocol/ISSUE.md	344	packages/bittorrent-primitives/
historical-closed-doc	docs/issues/closed/1732-replace-aquatic-udp-protocol/ISSUE.md	375	packages/aquatic-udp-protocol
historical-closed-doc	docs/issues/closed/1732-replace-aquatic-udp-protocol/ISSUE.md	375	packages/aquatic-peer-id
historical-closed-doc	docs/issues/closed/1732-replace-aquatic-udp-protocol/step-2-analysis.md	15	packages/aquatic-peer-id
historical-closed-doc	docs/issues/closed/1732-replace-aquatic-udp-protocol/step-2-analysis.md	15	packages/aquatic-udp-protocol
historical-closed-doc	docs/issues/closed/1732-replace-aquatic-udp-protocol/step-2-analysis.md	25	packages/aquatic-udp-protocol
historical-closed-doc	docs/issues/closed/1732-replace-aquatic-udp-protocol/step-2-analysis.md	72	packages/aquatic-udp-protocol
historical-closed-doc	docs/issues/closed/1732-replace-aquatic-udp-protocol/step-2-analysis.md	78	packages/aquatic-peer-id
directory-reference	docs/issues/closed/1732-replace-aquatic-udp-protocol/step-3-bittorrent-primitives-problem.md	89	packages/bittorrent-primitives/
historical-closed-doc	docs/issues/closed/1732-replace-aquatic-udp-protocol/step-3-bittorrent-primitives-problem.md	98	src/info_hash.rs
directory-reference	docs/issues/closed/1732-replace-aquatic-udp-protocol/step-3-bittorrent-primitives-problem.md	148	packages/bittorrent-primitives/
historical-closed-doc	docs/issues/closed/1732-replace-aquatic-udp-protocol/step-3-bittorrent-primitives-problem.md	182	src/peer.rs
historical-closed-doc	docs/issues/closed/1732-replace-aquatic-udp-protocol/step-6-primitives-module-refactor-plan.md	23	packages/primitives/src/core.rs
historical-closed-doc	docs/issues/closed/1732-replace-aquatic-udp-protocol/step-6-primitives-module-refactor-plan.md	27	packages/primitives/src/announce_event.rs
historical-closed-doc	docs/issues/closed/1732-replace-aquatic-udp-protocol/step-6-primitives-module-refactor-plan.md	179	packages/primitives/src/core.rs
historical-closed-doc	docs/issues/closed/1732-replace-aquatic-udp-protocol/step-6-primitives-module-refactor-plan.md	179	packages/primitives/src/announce_event.rs
historical-closed-doc	docs/issues/closed/1732-replace-aquatic-udp-protocol/step-7-peer-id-extraction-plan.md	18	packages/peer-id
historical-closed-doc	docs/issues/closed/1732-replace-aquatic-udp-protocol/step-7-peer-id-extraction-plan.md	28	packages/udp-protocol/src/peer_id.rs
historical-closed-doc	docs/issues/closed/1732-replace-aquatic-udp-protocol/step-7-peer-id-extraction-plan.md	37	packages/peer-id
historical-closed-doc	docs/issues/closed/1732-replace-aquatic-udp-protocol/step-7-peer-id-extraction-plan.md	42	packages/peer-id
historical-closed-doc	docs/issues/closed/1732-replace-aquatic-udp-protocol/step-7-peer-id-extraction-plan.md	54	packages/peer-id
historical-closed-doc	docs/issues/closed/1732-replace-aquatic-udp-protocol/step-7-peer-id-extraction-plan.md	60	packages/peer-id
historical-closed-doc	docs/issues/closed/1732-replace-aquatic-udp-protocol/step-7-peer-id-extraction-plan.md	64	packages/peer-id
historical-closed-doc	docs/issues/closed/1732-replace-aquatic-udp-protocol/step-7-peer-id-extraction-plan.md	86	packages/peer-id
historical-closed-doc	docs/issues/closed/1732-replace-aquatic-udp-protocol/step-7-peer-id-extraction-plan.md	100	packages/peer-id
historical-closed-doc	docs/issues/closed/1732-replace-aquatic-udp-protocol/step-7-peer-id-extraction-plan.md	101	packages/peer-id
historical-closed-doc	docs/issues/closed/1732-replace-aquatic-udp-protocol/step-7-peer-id-extraction-plan.md	103	packages/peer-id
historical-closed-doc	docs/issues/closed/1732-replace-aquatic-udp-protocol/step-7-peer-id-extraction-plan.md	144	packages/peer-id
historical-closed-doc	docs/issues/closed/1732-replace-aquatic-udp-protocol/step-7-peer-id-extraction-plan.md	158	packages/peer-id
historical-closed-doc	docs/issues/closed/1732-replace-aquatic-udp-protocol/step-7-peer-id-extraction-plan.md	163	packages/peer-id
historical-closed-doc	docs/issues/closed/1732-replace-aquatic-udp-protocol/step-7-peer-id-extraction-plan.md	175	packages/peer-id
historical-closed-doc	docs/issues/closed/1732-replace-aquatic-udp-protocol/step-7-peer-id-extraction-plan.md	176	packages/peer-id/src/peer_id.rs
historical-closed-doc	docs/issues/closed/1732-replace-aquatic-udp-protocol/step-7-peer-id-extraction-plan.md	177	packages/peer-id/src/peer_client.rs
historical-closed-doc	docs/issues/closed/1736-docs-http3-proxy.md	57	docs/issues/open/1765-native-http3-readiness.md
historical-closed-doc	docs/issues/closed/1736-docs-http3-proxy.md	77	docs/issues/drafts/1736-docs-http3-proxy.md
historical-closed-doc	docs/issues/closed/1736-docs-http3-proxy.md	78	docs/issues/open/1736-docs-http3-proxy.md
glob-pattern	docs/issues/closed/1742-ci-change-aware-workflows-epic.md	142	.github/skills/**/SKILL.md
glob-pattern	docs/issues/closed/1742-ci-change-aware-workflows-epic.md	165	packages/tracker-core/**
glob-pattern	docs/issues/closed/1743-docs-only-ci-fast-path.md	56	docs/**
glob-pattern	docs/issues/closed/1743-docs-only-ci-fast-path.md	60	.github/skills/**/SKILL.md
glob-pattern	docs/issues/closed/1743-docs-only-ci-fast-path.md	61	.github/agents/*.md
glob-pattern	docs/issues/closed/1744-scope-persistence-workflows-by-path.md	63	packages/tracker-core/**
glob-pattern	docs/issues/closed/1744-scope-persistence-workflows-by-path.md	76	packages/tracker-core/**
glob-pattern	docs/issues/closed/1744-scope-persistence-workflows-by-path.md	106	packages/tracker-core/**
historical-closed-doc	docs/issues/closed/1765-native-http3-readiness.md	76	docs/issues/drafts/1737-native-http3-readiness.md
historical-closed-doc	docs/issues/closed/1765-native-http3-readiness.md	77	docs/issues/open/1765-native-http3-readiness.md
historical-closed-doc	docs/issues/closed/1771-merge-clients-into-unified-tracker-client-cli.md	300	src/bin/http_tracker_client.rs
historical-closed-doc	docs/issues/closed/1771-merge-clients-into-unified-tracker-client-cli.md	303	docs/features/json-request-input/README.md
historical-closed-doc	docs/issues/closed/1778-migrate-to-rust-edition-2024.md	58	packages/rest-tracker-api-client
historical-closed-doc	docs/issues/closed/1778-migrate-to-rust-edition-2024.md	62	packages/udp-tracker-server
historical-closed-doc	docs/issues/closed/1778-migrate-to-rust-edition-2024.md	82	contrib/bencode
historical-closed-doc	docs/issues/closed/1778-migrate-to-rust-edition-2024.md	206	contrib/bencode
historical-closed-doc	docs/issues/closed/1778-migrate-to-rust-edition-2024.md	241	contrib/bencode
historical-closed-doc	docs/issues/closed/1778-migrate-to-rust-edition-2024.md	245	packages/rest-tracker-api-client/src/v1/client.rs:222
historical-closed-doc	docs/issues/closed/1778-migrate-to-rust-edition-2024.md	253	contrib/bencode
historical-closed-doc	docs/issues/closed/1778-migrate-to-rust-edition-2024.md	320	packages/rest-tracker-api-client/src/v1/client.rs
historical-closed-doc	docs/issues/closed/1790-move-duration-since-unix-epoch-to-torrust-tracker-clock.md	41	packages/clock/src/conv/mod.rs
historical-closed-doc	docs/issues/closed/1790-move-duration-since-unix-epoch-to-torrust-tracker-clock.md	70	packages/clock/src/lib.rs
historical-closed-doc	docs/issues/closed/1790-move-duration-since-unix-epoch-to-torrust-tracker-clock.md	72	packages/clock/src/clock/mod.rs
historical-closed-doc	docs/issues/closed/1790-move-duration-since-unix-epoch-to-torrust-tracker-clock.md	72	packages/clock/src/conv/mod.rs
historical-closed-doc	docs/issues/closed/1790-move-duration-since-unix-epoch-to-torrust-tracker-clock.md	74	packages/clock/Cargo.toml
historical-closed-doc	docs/issues/closed/1790-move-duration-since-unix-epoch-to-torrust-tracker-clock.md	98	packages/clock/src/lib.rs
historical-closed-doc	docs/issues/closed/1790-move-duration-since-unix-epoch-to-torrust-tracker-clock.md	99	packages/clock/src/clock/mod.rs
historical-closed-doc	docs/issues/closed/1790-move-duration-since-unix-epoch-to-torrust-tracker-clock.md	99	packages/clock/src/conv/mod.rs
historical-closed-doc	docs/issues/closed/1790-move-duration-since-unix-epoch-to-torrust-tracker-clock.md	100	packages/clock/Cargo.toml
historical-closed-doc	docs/issues/closed/1790-move-duration-since-unix-epoch-to-torrust-tracker-clock.md	142	packages/clock/src/lib.rs
historical-closed-doc	docs/issues/closed/1790-move-duration-since-unix-epoch-to-torrust-tracker-clock.md	143	packages/clock/Cargo.toml
directory-reference	docs/issues/closed/1790-move-duration-since-unix-epoch-to-torrust-tracker-clock.md	144	packages/clock/src/
historical-closed-doc	docs/issues/closed/1790-move-duration-since-unix-epoch-to-torrust-tracker-clock.md	171	packages/clock/src/lib.rs
historical-closed-doc	docs/issues/closed/1793-1669-03-define-per-package-default-timeout-constants.md	43	packages/axum-http-tracker-server
historical-closed-doc	docs/issues/closed/1793-1669-03-define-per-package-default-timeout-constants.md	44	packages/udp-tracker-server
historical-closed-doc	docs/issues/closed/1793-1669-03-define-per-package-default-timeout-constants.md	63	packages/axum-http-tracker-server
historical-closed-doc	docs/issues/closed/1793-1669-03-define-per-package-default-timeout-constants.md	66	packages/udp-tracker-server
historical-closed-doc	docs/issues/closed/1793-1669-03-define-per-package-default-timeout-constants.md	74	docs/issues/open/1669-overhaul-packages/workspace-coupling-report.md
historical-closed-doc	docs/issues/closed/1793-1669-03-define-per-package-default-timeout-constants.md	86	packages/clock
historical-closed-doc	docs/issues/closed/1793-1669-03-define-per-package-default-timeout-constants.md	99	packages/axum-http-tracker-server
historical-closed-doc	docs/issues/closed/1793-1669-03-define-per-package-default-timeout-constants.md	100	packages/axum-http-tracker-server
historical-closed-doc	docs/issues/closed/1793-1669-03-define-per-package-default-timeout-constants.md	101	packages/udp-tracker-server
historical-closed-doc	docs/issues/closed/1793-1669-03-define-per-package-default-timeout-constants.md	102	packages/udp-tracker-server
historical-closed-doc	docs/issues/closed/1793-1669-03-define-per-package-default-timeout-constants.md	109	docs/issues/open/1669-overhaul-packages/workspace-coupling-report.md
historical-closed-doc	docs/issues/closed/1793-1669-03-define-per-package-default-timeout-constants.md	114	packages/axum-http-tracker-server/src/v1/routes.rs
historical-closed-doc	docs/issues/closed/1793-1669-03-define-per-package-default-timeout-constants.md	115	packages/axum-rest-tracker-api-server/src/routes.rs
historical-closed-doc	docs/issues/closed/1793-1669-03-define-per-package-default-timeout-constants.md	116	packages/udp-tracker-server/src/environment.rs
historical-closed-doc	docs/issues/closed/1793-1669-03-define-per-package-default-timeout-constants.md	117	packages/udp-tracker-server/tests/server/contract.rs
historical-closed-doc	docs/issues/closed/1793-1669-03-define-per-package-default-timeout-constants.md	154	packages/axum-http-tracker-server
historical-closed-doc	docs/issues/closed/1793-1669-03-define-per-package-default-timeout-constants.md	155	packages/udp-tracker-server
directory-reference	docs/issues/closed/1797-1669-05-create-torrust-net-primitives-and-move-service-binding.md	59	packages/net-primitives/
directory-reference	docs/issues/closed/1797-1669-05-create-torrust-net-primitives-and-move-service-binding.md	62	packages/net-primitives/
historical-closed-doc	docs/issues/closed/1797-1669-05-create-torrust-net-primitives-and-move-service-binding.md	64	packages/server-lib/Cargo.toml
historical-closed-doc	docs/issues/closed/1797-1669-05-create-torrust-net-primitives-and-move-service-binding.md	66	packages/server-lib/Cargo.toml
historical-closed-doc	docs/issues/closed/1797-1669-05-create-torrust-net-primitives-and-move-service-binding.md	87	packages/net-primitives/Cargo.toml
historical-closed-doc	docs/issues/closed/1797-1669-05-create-torrust-net-primitives-and-move-service-binding.md	88	packages/net-primitives
directory-reference	docs/issues/closed/1797-1669-05-create-torrust-net-primitives-and-move-service-binding.md	89	packages/net-primitives/src/
historical-closed-doc	docs/issues/closed/1797-1669-05-create-torrust-net-primitives-and-move-service-binding.md	89	packages/net-primitives/src/lib.rs
historical-closed-doc	docs/issues/closed/1797-1669-05-create-torrust-net-primitives-and-move-service-binding.md	91	packages/server-lib/Cargo.toml
directory-reference	docs/issues/closed/1797-1669-05-create-torrust-net-primitives-and-move-service-binding.md	128	packages/net-primitives/
historical-closed-doc	docs/issues/closed/1797-1669-05-create-torrust-net-primitives-and-move-service-binding.md	132	packages/server-lib/Cargo.toml
historical-closed-doc	docs/issues/closed/1797-1669-05-create-torrust-net-primitives-and-move-service-binding.md	157	packages/net-primitives/src/service_binding.rs
historical-closed-doc	docs/issues/closed/1798-global-cli-output-contract-adr.md	70	packages/index-cli-common
historical-closed-doc	docs/issues/closed/1798-global-cli-output-contract-adr.md	267	src/bin/e2e_tests_runner.rs
historical-closed-doc	docs/issues/closed/1798-global-cli-output-contract-adr.md	268	src/bin/qbittorrent_e2e_runner.rs
historical-closed-doc	docs/issues/closed/1798-global-cli-output-contract-adr.md	269	src/bin/profiling.rs
historical-closed-doc	docs/issues/closed/1798-global-cli-output-contract-adr.md	336	docs/issues/open/1798-global-cli-output-contract-adr.md
dated-template	docs/issues/closed/1798-global-cli-output-contract-adr.md	362	docs/adrs/YYYYMMDDHHMMSS_global_cli_output_contract.md
historical-closed-doc	docs/issues/closed/1798-global-cli-output-contract-adr.md	434	packages/tracker-cli-common
historical-closed-doc	docs/issues/closed/1804-use-cargo-machete-with-metadata-and-remove-unused-dev-deps.md	168	docs/issues/open/1669-overhaul-packages/workspace-coupling-report.md
historical-closed-doc	docs/issues/closed/1805-fix-workspace-coupling-report-for-brace-and-reexport-imports.md	121	docs/issues/open/1669-overhaul-packages/workspace-coupling-report.md
historical-closed-doc	docs/issues/closed/1805-fix-workspace-coupling-report-for-brace-and-reexport-imports.md	182	docs/issues/open/1669-overhaul-packages/workspace-coupling-report.md
historical-closed-doc	docs/issues/closed/1805-fix-workspace-coupling-report-for-brace-and-reexport-imports.md	336	docs/issues/open/1669-overhaul-packages/workspace-coupling-report.md
glob-pattern	docs/issues/closed/1810-add-frontmatter-to-docs-markdown-files.md	215	packages/*/src/lib.rs
directory-reference	docs/issues/closed/1810-add-frontmatter-to-docs-markdown-files.md	272	docs/copilot-pr-reviews/
historical-closed-doc	docs/issues/closed/1810-add-frontmatter-to-docs-markdown-files.md	369	docs/issues/open/1669-overhaul-packages/workspace-coupling-report.md
historical-closed-doc	docs/issues/closed/1810-add-frontmatter-to-docs-markdown-files.md	370	docs/issues/open/1726-reduce-build-times-sccache/ISSUE.md
historical-closed-doc	docs/issues/closed/1810-add-frontmatter-to-docs-markdown-files.md	371	docs/issues/open/1726-reduce-build-times-sccache/benchmark-results.md
directory-reference	docs/issues/closed/1810-add-frontmatter-to-docs-markdown-files.md	373	docs/copilot-pr-reviews/
historical-closed-doc	docs/issues/closed/1810-add-frontmatter-to-docs-markdown-files.md	375	docs/copilot-pr-reviews/README.md
historical-closed-doc	docs/issues/closed/1810-add-frontmatter-to-docs-markdown-files.md	376	docs/copilot-pr-reviews/pr-1733-copilot-suggestions.md
historical-closed-doc	docs/issues/closed/1816-1669-07-align-torrust-prefix-rename-tracker-specific-packages.md	150	packages/axum-http-tracker-server/Cargo.toml
historical-closed-doc	docs/issues/closed/1816-1669-07-align-torrust-prefix-rename-tracker-specific-packages.md	151	packages/axum-rest-tracker-api-server/Cargo.toml
historical-closed-doc	docs/issues/closed/1816-1669-07-align-torrust-prefix-rename-tracker-specific-packages.md	154	packages/rest-tracker-api-core/Cargo.toml
historical-closed-doc	docs/issues/closed/1819-1669-08-rename-torrust-tracker-metrics-to-torrust-metrics.md	33	packages/metrics
historical-closed-doc	docs/issues/closed/1819-1669-08-rename-torrust-tracker-metrics-to-torrust-metrics.md	55	packages/metrics/Cargo.toml
historical-closed-doc	docs/issues/closed/1819-1669-08-rename-torrust-tracker-metrics-to-torrust-metrics.md	78	packages/metrics/Cargo.toml
historical-closed-doc	docs/issues/closed/1819-1669-08-rename-torrust-tracker-metrics-to-torrust-metrics.md	82	packages/metrics/README.md
historical-closed-doc	docs/issues/closed/1819-1669-08-rename-torrust-tracker-metrics-to-torrust-metrics.md	89	packages/axum-rest-tracker-api-server/Cargo.toml
historical-closed-doc	docs/issues/closed/1819-1669-08-rename-torrust-tracker-metrics-to-torrust-metrics.md	90	packages/http-tracker-core/Cargo.toml
historical-closed-doc	docs/issues/closed/1819-1669-08-rename-torrust-tracker-metrics-to-torrust-metrics.md	91	packages/rest-tracker-api-core/Cargo.toml
historical-closed-doc	docs/issues/closed/1819-1669-08-rename-torrust-tracker-metrics-to-torrust-metrics.md	94	packages/udp-tracker-core/Cargo.toml
historical-closed-doc	docs/issues/closed/1819-1669-08-rename-torrust-tracker-metrics-to-torrust-metrics.md	95	packages/udp-tracker-server/Cargo.toml
historical-closed-doc	docs/issues/closed/1819-1669-08-rename-torrust-tracker-metrics-to-torrust-metrics.md	120	packages/metrics/Cargo.toml
historical-closed-doc	docs/issues/closed/1819-1669-08-rename-torrust-tracker-metrics-to-torrust-metrics.md	126	packages/metrics/README.md
historical-closed-doc	docs/issues/closed/1821-1669-09-rename-torrust-tracker-clock-to-torrust-clock.md	33	packages/clock
historical-closed-doc	docs/issues/closed/1821-1669-09-rename-torrust-tracker-clock-to-torrust-clock.md	75	packages/clock/Cargo.toml
historical-closed-doc	docs/issues/closed/1821-1669-09-rename-torrust-tracker-clock-to-torrust-clock.md	100	packages/clock/Cargo.toml
historical-closed-doc	docs/issues/closed/1821-1669-09-rename-torrust-tracker-clock-to-torrust-clock.md	104	packages/clock/README.md
historical-closed-doc	docs/issues/closed/1821-1669-09-rename-torrust-tracker-clock-to-torrust-clock.md	116	packages/axum-http-tracker-server/Cargo.toml
historical-closed-doc	docs/issues/closed/1821-1669-09-rename-torrust-tracker-clock-to-torrust-clock.md	117	packages/axum-rest-tracker-api-server/Cargo.toml
historical-closed-doc	docs/issues/closed/1821-1669-09-rename-torrust-tracker-clock-to-torrust-clock.md	119	packages/http-tracker-core/Cargo.toml
historical-closed-doc	docs/issues/closed/1821-1669-09-rename-torrust-tracker-clock-to-torrust-clock.md	123	packages/udp-tracker-core/Cargo.toml
historical-closed-doc	docs/issues/closed/1821-1669-09-rename-torrust-tracker-clock-to-torrust-clock.md	124	packages/udp-tracker-server/Cargo.toml
historical-closed-doc	docs/issues/closed/1821-1669-09-rename-torrust-tracker-clock-to-torrust-clock.md	152	packages/clock/Cargo.toml
historical-closed-doc	docs/issues/closed/1821-1669-09-rename-torrust-tracker-clock-to-torrust-clock.md	162	packages/clock/README.md
historical-closed-doc	docs/issues/closed/1823-1669-10-rename-torrust-tracker-located-error-to-torrust-located-error.md	33	packages/located-error
historical-closed-doc	docs/issues/closed/1823-1669-10-rename-torrust-tracker-located-error-to-torrust-located-error.md	65	packages/located-error/src/lib.rs
historical-closed-doc	docs/issues/closed/1823-1669-10-rename-torrust-tracker-located-error-to-torrust-located-error.md	88	src/tsl.rs
historical-closed-doc	docs/issues/closed/1823-1669-10-rename-torrust-tracker-located-error-to-torrust-located-error.md	89	src/v1/requests/announce.rs
historical-closed-doc	docs/issues/closed/1823-1669-10-rename-torrust-tracker-located-error-to-torrust-located-error.md	89	src/v1/requests/scrape.rs
historical-closed-doc	docs/issues/closed/1823-1669-10-rename-torrust-tracker-located-error-to-torrust-located-error.md	90	src/error.rs
historical-closed-doc	docs/issues/closed/1823-1669-10-rename-torrust-tracker-located-error-to-torrust-located-error.md	90	src/authentication/key/mod.rs
historical-closed-doc	docs/issues/closed/1823-1669-10-rename-torrust-tracker-located-error-to-torrust-located-error.md	90	src/authentication/handler.rs
historical-closed-doc	docs/issues/closed/1823-1669-10-rename-torrust-tracker-located-error-to-torrust-located-error.md	90	src/databases/error.rs
historical-closed-doc	docs/issues/closed/1823-1669-10-rename-torrust-tracker-located-error-to-torrust-located-error.md	91	src/udp/mod.rs
historical-closed-doc	docs/issues/closed/1823-1669-10-rename-torrust-tracker-located-error-to-torrust-located-error.md	137	packages/located-error
historical-closed-doc	docs/issues/closed/1823-1669-10-rename-torrust-tracker-located-error-to-torrust-located-error.md	146	packages/located-error/Cargo.toml
historical-closed-doc	docs/issues/closed/1823-1669-10-rename-torrust-tracker-located-error-to-torrust-located-error.md	177	packages/located-error/Cargo.toml
historical-closed-doc	docs/issues/closed/1823-1669-10-rename-torrust-tracker-located-error-to-torrust-located-error.md	181	packages/located-error/README.md
historical-closed-doc	docs/issues/closed/1823-1669-10-rename-torrust-tracker-located-error-to-torrust-located-error.md	225	packages/located-error/Cargo.toml
historical-closed-doc	docs/issues/closed/1823-1669-10-rename-torrust-tracker-located-error-to-torrust-located-error.md	236	packages/located-error/README.md
historical-closed-doc	docs/issues/closed/1859-1669-move-tracker-policy-and-private-mode-to-primitives/ISSUE.md	93	packages/swarm-coordination-registry/src/coordinator.rs
historical-closed-doc	docs/issues/closed/1859-1669-move-tracker-policy-and-private-mode-to-primitives/ISSUE.md	94	packages/swarm-coordination-registry/src/registry.rs
historical-closed-doc	docs/issues/closed/1860-1669-evaluate-tslconfig-move-to-axum-server/ISSUE.md	41	packages/axum-server/src/tsl.rs
historical-closed-doc	docs/issues/closed/1860-1669-evaluate-tslconfig-move-to-axum-server/ISSUE.md	151	packages/axum-server/src/tsl.rs
ellipsis-placeholder	docs/issues/closed/1861-1669-narrow-envcontainer-initialize-config-slices/ISSUE.md	111	docs/issues/open/1856-.../manual-test-results.md
historical-closed-doc	docs/issues/closed/1868-1840-workflow-performance-exclude-irrelevant-workspace-members/ISSUE.md	173	docs/issues/drafts/1840-workflow-performance-dependency-layer-cache-reuse/ISSUE.md
historical-closed-doc	docs/issues/closed/1869-1840-workflow-performance-dependency-layer-cache-reuse/ISSUE.md	61	docs/issues/drafts/1840-workflow-performance-split-external-dep-cache-layer/ISSUE.md
historical-closed-doc	docs/issues/closed/1869-1840-workflow-performance-dependency-layer-cache-reuse/ISSUE.md	91	docs/issues/drafts/1840-workflow-performance-split-external-dep-cache-layer/ISSUE.md
directory-reference	docs/issues/closed/1869-1840-workflow-performance-dependency-layer-cache-reuse/ISSUE.md	95	docs/issues/drafts/1840-workflow-performance-split-external-dep-cache-layer/
historical-closed-doc	docs/issues/closed/1869-1840-workflow-performance-dependency-layer-cache-reuse/ISSUE.md	122	docs/issues/drafts/1840-workflow-performance-split-external-dep-cache-layer/ISSUE.md
historical-closed-doc	docs/issues/closed/1879-1669-17-extract-torrust-clock-to-standalone-repo.md	53	packages/clock/Cargo.toml
directory-reference	docs/issues/closed/1879-1669-17-extract-torrust-clock-to-standalone-repo.md	64	packages/clock/
historical-closed-doc	docs/issues/closed/1879-1669-17-extract-torrust-clock-to-standalone-repo.md	70	packages/clock
directory-reference	docs/issues/closed/1879-1669-17-extract-torrust-clock-to-standalone-repo.md	71	packages/clock/
historical-closed-doc	docs/issues/closed/1879-1669-17-extract-torrust-clock-to-standalone-repo.md	91	packages/http-tracker-core/Cargo.toml
historical-closed-doc	docs/issues/closed/1879-1669-17-extract-torrust-clock-to-standalone-repo.md	92	packages/metrics/Cargo.toml
historical-closed-doc	docs/issues/closed/1879-1669-17-extract-torrust-clock-to-standalone-repo.md	98	packages/udp-tracker-core/Cargo.toml
historical-closed-doc	docs/issues/closed/1879-1669-17-extract-torrust-clock-to-standalone-repo.md	106	packages/clock/Cargo.toml
historical-closed-doc	docs/issues/closed/1879-1669-17-extract-torrust-clock-to-standalone-repo.md	107	packages/clock/Cargo.toml
directory-reference	docs/issues/closed/1879-1669-17-extract-torrust-clock-to-standalone-repo.md	109	packages/clock/
historical-closed-doc	docs/issues/closed/1879-1669-17-extract-torrust-clock-to-standalone-repo.md	113	packages/clock
historical-closed-doc	docs/issues/closed/1879-1669-17-extract-torrust-clock-to-standalone-repo.md	113	packages/clock
directory-reference	docs/issues/closed/1879-1669-17-extract-torrust-clock-to-standalone-repo.md	114	packages/clock/
directory-reference	docs/issues/closed/1879-1669-17-extract-torrust-clock-to-standalone-repo.md	134	packages/clock/
directory-reference	docs/issues/closed/1879-1669-17-extract-torrust-clock-to-standalone-repo.md	161	packages/clock/
historical-closed-doc	docs/issues/closed/1879-1669-17-extract-torrust-clock-to-standalone-repo.md	164	packages/clock
directory-reference	docs/issues/closed/1879-1669-17-extract-torrust-clock-to-standalone-repo.md	165	packages/clock/
directory-reference	docs/issues/closed/1879-1669-17-extract-torrust-clock-to-standalone-repo.md	188	packages/clock/
historical-closed-doc	docs/issues/closed/1881-1669-16-migrate-contrib-bencode-to-torrust-bittorrent/ISSUE.md	24	contrib/bencode
historical-closed-doc	docs/issues/closed/1881-1669-16-migrate-contrib-bencode-to-torrust-bittorrent/ISSUE.md	29	contrib/bencode
historical-closed-doc	docs/issues/closed/1881-1669-16-migrate-contrib-bencode-to-torrust-bittorrent/ISSUE.md	30	packages/bencode
historical-closed-doc	docs/issues/closed/1881-1669-16-migrate-contrib-bencode-to-torrust-bittorrent/ISSUE.md	34	contrib/bencode
historical-closed-doc	docs/issues/closed/1881-1669-16-migrate-contrib-bencode-to-torrust-bittorrent/ISSUE.md	46	packages/bencode
historical-closed-doc	docs/issues/closed/1881-1669-16-migrate-contrib-bencode-to-torrust-bittorrent/ISSUE.md	64	contrib/bencode/Cargo.toml
historical-closed-doc	docs/issues/closed/1881-1669-16-migrate-contrib-bencode-to-torrust-bittorrent/ISSUE.md	66	packages/bencode
directory-reference	docs/issues/closed/1881-1669-16-migrate-contrib-bencode-to-torrust-bittorrent/ISSUE.md	72	contrib/bencode/
historical-closed-doc	docs/issues/closed/1881-1669-16-migrate-contrib-bencode-to-torrust-bittorrent/ISSUE.md	91	contrib/bencode/Cargo.toml
historical-closed-doc	docs/issues/closed/1881-1669-16-migrate-contrib-bencode-to-torrust-bittorrent/ISSUE.md	92	contrib/bencode/Cargo.toml
historical-closed-doc	docs/issues/closed/1881-1669-16-migrate-contrib-bencode-to-torrust-bittorrent/ISSUE.md	93	packages/bencode
historical-closed-doc	docs/issues/closed/1881-1669-16-migrate-contrib-bencode-to-torrust-bittorrent/ISSUE.md	94	packages/bencode
directory-reference	docs/issues/closed/1881-1669-16-migrate-contrib-bencode-to-torrust-bittorrent/ISSUE.md	98	contrib/bencode/
directory-reference	docs/issues/closed/1881-1669-16-migrate-contrib-bencode-to-torrust-bittorrent/ISSUE.md	99	contrib/bencode/
directory-reference	docs/issues/closed/1881-1669-16-migrate-contrib-bencode-to-torrust-bittorrent/ISSUE.md	129	contrib/bencode/
historical-closed-doc	docs/issues/closed/1881-1669-16-migrate-contrib-bencode-to-torrust-bittorrent/ISSUE.md	130	contrib/bencode
directory-reference	docs/issues/closed/1882-1669-18-extract-torrust-metrics-to-standalone-repo.md	59	packages/metrics/
historical-closed-doc	docs/issues/closed/1882-1669-18-extract-torrust-metrics-to-standalone-repo.md	66	packages/metrics
directory-reference	docs/issues/closed/1882-1669-18-extract-torrust-metrics-to-standalone-repo.md	67	packages/metrics/
historical-closed-doc	docs/issues/closed/1882-1669-18-extract-torrust-metrics-to-standalone-repo.md	82	packages/rest-tracker-api-core/Cargo.toml
historical-closed-doc	docs/issues/closed/1882-1669-18-extract-torrust-metrics-to-standalone-repo.md	83	packages/udp-tracker-core/Cargo.toml
historical-closed-doc	docs/issues/closed/1882-1669-18-extract-torrust-metrics-to-standalone-repo.md	84	packages/axum-rest-tracker-api-server/Cargo.toml
historical-closed-doc	docs/issues/closed/1882-1669-18-extract-torrust-metrics-to-standalone-repo.md	85	packages/udp-tracker-server/Cargo.toml
historical-closed-doc	docs/issues/closed/1882-1669-18-extract-torrust-metrics-to-standalone-repo.md	87	packages/http-tracker-core/Cargo.toml
historical-closed-doc	docs/issues/closed/1882-1669-18-extract-torrust-metrics-to-standalone-repo.md	95	packages/metrics/Cargo.toml
directory-reference	docs/issues/closed/1882-1669-18-extract-torrust-metrics-to-standalone-repo.md	98	packages/metrics/
directory-reference	docs/issues/closed/1882-1669-18-extract-torrust-metrics-to-standalone-repo.md	98	packages/metrics/
historical-closed-doc	docs/issues/closed/1882-1669-18-extract-torrust-metrics-to-standalone-repo.md	104	packages/metrics
historical-closed-doc	docs/issues/closed/1882-1669-18-extract-torrust-metrics-to-standalone-repo.md	104	packages/metrics
directory-reference	docs/issues/closed/1882-1669-18-extract-torrust-metrics-to-standalone-repo.md	105	packages/metrics/
directory-reference	docs/issues/closed/1882-1669-18-extract-torrust-metrics-to-standalone-repo.md	125	packages/metrics/
directory-reference	docs/issues/closed/1882-1669-18-extract-torrust-metrics-to-standalone-repo.md	144	packages/metrics/
historical-closed-doc	docs/issues/closed/1882-1669-18-extract-torrust-metrics-to-standalone-repo.md	147	packages/metrics
directory-reference	docs/issues/closed/1882-1669-18-extract-torrust-metrics-to-standalone-repo.md	148	packages/metrics/
directory-reference	docs/issues/closed/1882-1669-18-extract-torrust-metrics-to-standalone-repo.md	171	packages/metrics/
historical-closed-doc	docs/issues/closed/1884-1669-19-move-bittorrent-peer-id-to-torrust-bittorrent.md	26	packages/peer-id
historical-closed-doc	docs/issues/closed/1884-1669-19-move-bittorrent-peer-id-to-torrust-bittorrent.md	31	packages/peer-id
historical-closed-doc	docs/issues/closed/1884-1669-19-move-bittorrent-peer-id-to-torrust-bittorrent.md	31	packages/peer-id
historical-closed-doc	docs/issues/closed/1884-1669-19-move-bittorrent-peer-id-to-torrust-bittorrent.md	35	packages/peer-id
historical-closed-doc	docs/issues/closed/1884-1669-19-move-bittorrent-peer-id-to-torrust-bittorrent.md	60	packages/peer-id/Cargo.toml
historical-closed-doc	docs/issues/closed/1884-1669-19-move-bittorrent-peer-id-to-torrust-bittorrent.md	62	packages/peer-id
directory-reference	docs/issues/closed/1884-1669-19-move-bittorrent-peer-id-to-torrust-bittorrent.md	79	packages/peer-id/
directory-reference	docs/issues/closed/1884-1669-19-move-bittorrent-peer-id-to-torrust-bittorrent.md	82	packages/peer-id/
historical-closed-doc	docs/issues/closed/1884-1669-19-move-bittorrent-peer-id-to-torrust-bittorrent.md	98	packages/peer-id/Cargo.toml
historical-closed-doc	docs/issues/closed/1884-1669-19-move-bittorrent-peer-id-to-torrust-bittorrent.md	99	packages/peer-id/Cargo.toml
historical-closed-doc	docs/issues/closed/1884-1669-19-move-bittorrent-peer-id-to-torrust-bittorrent.md	101	packages/peer-id
historical-closed-doc	docs/issues/closed/1884-1669-19-move-bittorrent-peer-id-to-torrust-bittorrent.md	102	packages/peer-id
directory-reference	docs/issues/closed/1884-1669-19-move-bittorrent-peer-id-to-torrust-bittorrent.md	108	packages/peer-id/
directory-reference	docs/issues/closed/1884-1669-19-move-bittorrent-peer-id-to-torrust-bittorrent.md	109	packages/peer-id/
directory-reference	docs/issues/closed/1884-1669-19-move-bittorrent-peer-id-to-torrust-bittorrent.md	140	packages/peer-id/
historical-closed-doc	docs/issues/closed/1884-1669-19-move-bittorrent-peer-id-to-torrust-bittorrent.md	141	packages/peer-id
directory-reference	docs/issues/closed/1885-1669-20-extract-torrust-net-primitives-to-standalone-repo.md	68	packages/net-primitives/
historical-closed-doc	docs/issues/closed/1885-1669-20-extract-torrust-net-primitives-to-standalone-repo.md	76	packages/net-primitives
directory-reference	docs/issues/closed/1885-1669-20-extract-torrust-net-primitives-to-standalone-repo.md	77	packages/net-primitives/
historical-closed-doc	docs/issues/closed/1885-1669-20-extract-torrust-net-primitives-to-standalone-repo.md	96	packages/http-tracker-core/Cargo.toml
historical-closed-doc	docs/issues/closed/1885-1669-20-extract-torrust-net-primitives-to-standalone-repo.md	98	packages/server-lib/Cargo.toml
historical-closed-doc	docs/issues/closed/1885-1669-20-extract-torrust-net-primitives-to-standalone-repo.md	101	packages/udp-tracker-core/Cargo.toml
historical-closed-doc	docs/issues/closed/1885-1669-20-extract-torrust-net-primitives-to-standalone-repo.md	109	packages/net-primitives/Cargo.toml
directory-reference	docs/issues/closed/1885-1669-20-extract-torrust-net-primitives-to-standalone-repo.md	111	packages/net-primitives/
historical-closed-doc	docs/issues/closed/1885-1669-20-extract-torrust-net-primitives-to-standalone-repo.md	117	packages/net-primitives
historical-closed-doc	docs/issues/closed/1885-1669-20-extract-torrust-net-primitives-to-standalone-repo.md	117	packages/net-primitives
directory-reference	docs/issues/closed/1885-1669-20-extract-torrust-net-primitives-to-standalone-repo.md	118	packages/net-primitives/
directory-reference	docs/issues/closed/1885-1669-20-extract-torrust-net-primitives-to-standalone-repo.md	137	packages/net-primitives/
historical-closed-doc	docs/issues/closed/1885-1669-20-extract-torrust-net-primitives-to-standalone-repo.md	165	packages/net-primitives
directory-reference	docs/issues/closed/1885-1669-20-extract-torrust-net-primitives-to-standalone-repo.md	166	packages/net-primitives/
directory-reference	docs/issues/closed/1885-1669-20-extract-torrust-net-primitives-to-standalone-repo.md	189	packages/net-primitives/
historical-closed-doc	docs/issues/closed/1889-1669-21-migrate-from-bittorrent-primitives-to-torrust-info-hash.md	64	packages/http-tracker-core
historical-closed-doc	docs/issues/closed/1889-1669-21-migrate-from-bittorrent-primitives-to-torrust-info-hash.md	69	packages/udp-tracker-core
directory-reference	docs/issues/closed/1894-1669-22-extract-torrust-located-error-to-standalone-repo.md	63	packages/located-error/
historical-closed-doc	docs/issues/closed/1894-1669-22-extract-torrust-located-error-to-standalone-repo.md	71	packages/located-error
directory-reference	docs/issues/closed/1894-1669-22-extract-torrust-located-error-to-standalone-repo.md	72	packages/located-error/
historical-closed-doc	docs/issues/closed/1894-1669-22-extract-torrust-located-error-to-standalone-repo.md	100	packages/located-error/Cargo.toml
directory-reference	docs/issues/closed/1894-1669-22-extract-torrust-located-error-to-standalone-repo.md	102	packages/located-error/
historical-closed-doc	docs/issues/closed/1894-1669-22-extract-torrust-located-error-to-standalone-repo.md	108	packages/located-error
directory-reference	docs/issues/closed/1894-1669-22-extract-torrust-located-error-to-standalone-repo.md	109	packages/located-error/
directory-reference	docs/issues/closed/1894-1669-22-extract-torrust-located-error-to-standalone-repo.md	129	packages/located-error/
historical-closed-doc	docs/issues/closed/1894-1669-22-extract-torrust-located-error-to-standalone-repo.md	149	packages/located-error
directory-reference	docs/issues/closed/1894-1669-22-extract-torrust-located-error-to-standalone-repo.md	150	packages/located-error/
directory-reference	docs/issues/closed/1894-1669-22-extract-torrust-located-error-to-standalone-repo.md	173	packages/located-error/
directory-reference	docs/issues/closed/1898-document-security-analysis-process.md	71	docs/security/analysis/non-affecting/
historical-closed-doc	docs/issues/closed/1898-document-security-analysis-process.md	72	docs/security/analysis/non-affecting/2026-06-10_containerfile-trixie-cves.md
historical-closed-doc	docs/issues/closed/1898-document-security-analysis-process.md	99	docs/issues/open/1898-document-security-analysis-process.md
historical-closed-doc	docs/issues/closed/1898-document-security-analysis-process.md	123	docs/security/analysis/non-affecting/2026-06-10_containerfile-trixie-cves.md
historical-closed-doc	docs/issues/closed/1903-1669-si-23-relocate-axum-rest-api-server-test-environment.md	36	packages/axum-rest-api-server/src/environment.rs
historical-closed-doc	docs/issues/closed/1903-1669-si-23-relocate-axum-rest-api-server-test-environment.md	55	src/testing
directory-reference	docs/issues/closed/1903-1669-si-23-relocate-axum-rest-api-server-test-environment.md	83	src/testing/
historical-closed-doc	docs/issues/closed/1903-1669-si-23-relocate-axum-rest-api-server-test-environment.md	97	src/testing/environment.rs
historical-closed-doc	docs/issues/closed/1903-1669-si-23-relocate-axum-rest-api-server-test-environment.md	98	src/v1/context/stats/handlers.rs
historical-closed-doc	docs/issues/closed/1904-1669-si-24-relocate-http-server-test-environment.md	35	packages/axum-http-server/src/environment.rs
historical-closed-doc	docs/issues/closed/1904-1669-si-24-relocate-http-server-test-environment.md	49	src/testing/environment.rs
directory-reference	docs/issues/closed/1904-1669-si-24-relocate-http-server-test-environment.md	65	src/testing/
historical-closed-doc	docs/issues/closed/1904-1669-si-24-relocate-http-server-test-environment.md	72	src/testing/environment.rs
historical-closed-doc	docs/issues/closed/1906-1669-si-25-relocate-udp-server-test-environment.md	35	packages/udp-server/src/environment.rs
historical-closed-doc	docs/issues/closed/1906-1669-si-25-relocate-udp-server-test-environment.md	49	src/testing/environment.rs
directory-reference	docs/issues/closed/1906-1669-si-25-relocate-udp-server-test-environment.md	65	src/testing/
historical-closed-doc	docs/issues/closed/1906-1669-si-25-relocate-udp-server-test-environment.md	72	src/testing/environment.rs
historical-closed-doc	docs/issues/closed/1907-1669-si-26-remove-udp-protocol-peer-id-re-export.md	54	packages/axum-http-server/tests/server/requests/announce.rs
historical-closed-doc	docs/issues/closed/1907-1669-si-26-remove-udp-protocol-peer-id-re-export.md	55	packages/axum-http-server/tests/server/v1/contract.rs
historical-closed-doc	docs/issues/closed/1907-1669-si-26-remove-udp-protocol-peer-id-re-export.md	67	packages/tracker-client/src/http/client/requests/announce.rs
historical-closed-doc	docs/issues/closed/1909-1669-si-28-extract-server-lib-to-standalone-repo.md	42	packages/server-lib
directory-reference	docs/issues/closed/1909-1669-si-28-extract-server-lib-to-standalone-repo.md	69	packages/server-lib/
historical-closed-doc	docs/issues/closed/1909-1669-si-28-extract-server-lib-to-standalone-repo.md	77	packages/server-lib
directory-reference	docs/issues/closed/1909-1669-si-28-extract-server-lib-to-standalone-repo.md	78	packages/server-lib/
historical-closed-doc	docs/issues/closed/1909-1669-si-28-extract-server-lib-to-standalone-repo.md	112	packages/server-lib/Cargo.toml
directory-reference	docs/issues/closed/1909-1669-si-28-extract-server-lib-to-standalone-repo.md	114	packages/server-lib/
historical-closed-doc	docs/issues/closed/1909-1669-si-28-extract-server-lib-to-standalone-repo.md	119	packages/server-lib
historical-closed-doc	docs/issues/closed/1909-1669-si-28-extract-server-lib-to-standalone-repo.md	119	packages/server-lib
directory-reference	docs/issues/closed/1909-1669-si-28-extract-server-lib-to-standalone-repo.md	120	packages/server-lib/
directory-reference	docs/issues/closed/1909-1669-si-28-extract-server-lib-to-standalone-repo.md	138	packages/server-lib/
historical-closed-doc	docs/issues/closed/1909-1669-si-28-extract-server-lib-to-standalone-repo.md	156	packages/server-lib
directory-reference	docs/issues/closed/1909-1669-si-28-extract-server-lib-to-standalone-repo.md	157	packages/server-lib/
directory-reference	docs/issues/closed/1909-1669-si-28-extract-server-lib-to-standalone-repo.md	180	packages/server-lib/
historical-closed-doc	docs/issues/closed/1910-1669-si-29-rename-udp-and-http-core-protocol-crates-to-remove-redundant-tracker.md	95	packages/http-tracker-core/Cargo.toml
historical-closed-doc	docs/issues/closed/1910-1669-si-29-rename-udp-and-http-core-protocol-crates-to-remove-redundant-tracker.md	98	packages/udp-tracker-core/Cargo.toml
historical-closed-doc	docs/issues/closed/1910-1669-si-29-rename-udp-and-http-core-protocol-crates-to-remove-redundant-tracker.md	120	packages/rest-api-core/Cargo.toml
ellipsis-placeholder	docs/issues/closed/1910-1669-si-29-rename-udp-and-http-core-protocol-crates-to-remove-redundant-tracker.md	125	packages/http-tracker-core/src/...
directory-reference	docs/issues/closed/1910-1669-si-29-rename-udp-and-http-core-protocol-crates-to-remove-redundant-tracker.md	143	packages/rest-api-core/src/
historical-closed-doc	docs/issues/closed/1910-1669-si-29-rename-udp-and-http-core-protocol-crates-to-remove-redundant-tracker.md	151	src/services/announce.rs
historical-closed-doc	docs/issues/closed/1910-1669-si-29-rename-udp-and-http-core-protocol-crates-to-remove-redundant-tracker.md	152	src/services/error_mapping.rs
directory-reference	docs/issues/closed/1910-1669-si-29-rename-udp-and-http-core-protocol-crates-to-remove-redundant-tracker.md	160	packages/rest-api-core/src/
directory-reference	docs/issues/closed/1910-1669-si-29-rename-udp-and-http-core-protocol-crates-to-remove-redundant-tracker.md	199	packages/http-tracker-core/
directory-reference	docs/issues/closed/1910-1669-si-29-rename-udp-and-http-core-protocol-crates-to-remove-redundant-tracker.md	200	packages/udp-tracker-core/
directory-reference	docs/issues/closed/1910-1669-si-29-rename-udp-and-http-core-protocol-crates-to-remove-redundant-tracker.md	238	packages/http-tracker-core/
directory-reference	docs/issues/closed/1910-1669-si-29-rename-udp-and-http-core-protocol-crates-to-remove-redundant-tracker.md	239	packages/udp-tracker-core/
historical-closed-doc	docs/issues/closed/1924-1669-si-30-decouple-rest-api-core-from-udp-internals.md	45	src/statistics/services.rs
historical-closed-doc	docs/issues/closed/1924-1669-si-30-decouple-rest-api-core-from-udp-internals.md	65	src/v1/context/stats/handlers.rs
historical-closed-doc	docs/issues/closed/1924-1669-si-30-decouple-rest-api-core-from-udp-internals.md	73	src/v1/context/stats/routes.rs
glob-pattern	docs/issues/closed/1926-1669-si-32-define-package-versioning-strategy.md	279	packages/*/Cargo.toml
historical-closed-doc	docs/issues/closed/1939-1938-si-1-migrate-health-check-context.md	49	src/routes.rs
directory-reference	docs/issues/closed/1943-1938-si-5-deprecate-rest-api-core.md	52	packages/rest-api-core/
directory-reference	docs/issues/closed/1943-1938-si-5-deprecate-rest-api-core.md	67	packages/rest-api-core/
historical-closed-doc	docs/issues/closed/1944-1938-si-6-align-rest-api-client.md	44	src/v1/client.rs
historical-closed-doc	docs/issues/closed/1944-1938-si-6-align-rest-api-client.md	94	src/tracker/api.rs
historical-closed-doc	docs/issues/closed/1959-1938-si-7-review-tests-align-v1-namespace.md	43	packages/axum-rest-api-server/src/v1/context/torrent/resources/peer.rs
historical-closed-doc	docs/issues/closed/1959-1938-si-7-review-tests-align-v1-namespace.md	53	src/v1/mod.rs
directory-reference	docs/issues/closed/1959-1938-si-7-review-tests-align-v1-namespace.md	54	src/v1/
directory-reference	docs/issues/closed/1959-1938-si-7-review-tests-align-v1-namespace.md	55	src/v1/
directory-reference	docs/issues/closed/1959-1938-si-7-review-tests-align-v1-namespace.md	73	src/v1/
directory-reference	docs/issues/closed/1959-1938-si-7-review-tests-align-v1-namespace.md	74	src/v1/
directory-reference	docs/issues/closed/1965-1669-si-34-consolidate-duplicate-http-types/ISSUE.md	38	docs/issues/open/1965-1669-si-34-consolidate-duplicate-http-types/
brace-placeholder	docs/issues/closed/1965-1669-si-34-consolidate-duplicate-http-types/ISSUE.md	50	packages/http-protocol/src/v1/{requests,responses}/
brace-placeholder	docs/issues/closed/1965-1669-si-34-consolidate-duplicate-http-types/ISSUE.md	51	packages/axum-http-server/tests/server/{requests,responses}/
brace-placeholder	docs/issues/closed/1965-1669-si-34-consolidate-duplicate-http-types/ISSUE.md	52	packages/tracker-client/src/http/client/{requests,responses}/
historical-closed-doc	docs/issues/closed/1965-1669-si-34-consolidate-duplicate-http-types/ISSUE.md	172	packages/axum-http-server/tests/server/client.rs
historical-closed-doc	docs/issues/closed/1965-1669-si-34-consolidate-duplicate-http-types/ISSUE.md	197	packages/axum-http-server/tests/server/client.rs
historical-closed-doc	docs/issues/closed/1965-1669-si-34-consolidate-duplicate-http-types/analysis-announce-query-vs-announce.md	129	packages/axum-http-server/tests/server/client.rs
historical-closed-doc	docs/issues/closed/1965-1669-si-34-consolidate-duplicate-http-types/analysis-announce-query-vs-announce.md	133	packages/axum-http-server/tests/server/v1/contract.rs
historical-closed-doc	docs/issues/closed/1965-1669-si-34-consolidate-duplicate-http-types/analysis-announce-query-vs-announce.md	187	packages/axum-http-server/tests/server/client.rs
historical-closed-doc	docs/issues/closed/1965-1669-si-34-consolidate-duplicate-http-types/analysis-announce-response-types.md	50	packages/http-protocol/src/v1/responses/announce.rs
historical-closed-doc	docs/issues/closed/1965-1669-si-34-consolidate-duplicate-http-types/analysis-announce-response-types.md	90	packages/http-protocol/src/v1/responses/announce_deserialization.rs
historical-closed-doc	docs/issues/closed/1965-1669-si-34-consolidate-duplicate-http-types/analysis-announce-response-types.md	239	packages/axum-http-server/tests/server/v1/contract.rs
historical-closed-doc	docs/issues/closed/1966-1669-si-35-consolidate-duplicate-udp-types.md	103	packages/http-protocol/src/v1/responses/announce.rs
historical-closed-doc	docs/issues/closed/1966-1669-si-35-consolidate-duplicate-udp-types.md	104	packages/http-protocol/src/v1/responses/scrape.rs
historical-closed-doc	docs/issues/closed/1966-1669-si-35-consolidate-duplicate-udp-types.md	222	docs/issues/drafts/1669-si-34-consolidate-duplicate-http-types-into-http-protocol.md
historical-closed-doc	docs/issues/closed/1979-1978-copy-configuration-schema-v2-to-v3-baseline.md	91	docs/issues/open/1979-1978-copy-configuration-schema-v2-to-v3-baseline.md
historical-closed-doc	docs/issues/closed/1981-1978-fix-tsl-config-tls-config-typo.md	78	packages/axum-server/src/tsl.rs
historical-closed-doc	docs/issues/closed/1981-1978-fix-tsl-config-tls-config-typo.md	113	packages/axum-server/src/tsl.rs
historical-closed-doc	docs/issues/closed/1981-1978-fix-tsl-config-tls-config-typo.md	142	docs/issues/open/1981-1978-fix-tsl-config-tls-config-typo.md
historical-closed-doc	docs/issues/closed/1981-1978-fix-tsl-config-tls-config-typo.md	150	packages/axum-server/src/tsl.rs
dated-template	docs/issues/closed/1985-rename-peer-addr-to-ip-in-http-announce-request/ISSUE.md	56	docs/adrs/YYYYMMDD_accept_only_ip_addresses_in_http_announce_ip_param.md
historical-closed-doc	docs/issues/closed/2019-automatically-format-project-dictionary/ISSUE.md	38	contrib/dev-tools/git/format-project-words.sh
historical-closed-doc	docs/issues/closed/2019-automatically-format-project-dictionary/ISSUE.md	58	contrib/dev-tools/git/format-project-words.sh
historical-closed-doc	docs/issues/closed/2019-automatically-format-project-dictionary/ISSUE.md	62	contrib/dev-tools/git/tests/test-format-project-words.sh
historical-closed-doc	docs/issues/closed/2019-automatically-format-project-dictionary/ISSUE.md	85	docs/issues/drafts/automatically-format-project-dictionary.md
historical-closed-doc	docs/issues/closed/2019-automatically-format-project-dictionary/ISSUE.md	97	contrib/dev-tools/git/format-project-words.sh
historical-closed-doc	docs/issues/closed/2019-automatically-format-project-dictionary/ISSUE.md	157	contrib/dev-tools/git/format-project-words.sh
directory-reference	docs/issues/closed/2022-vendor-and-document-maintainer-merge-workflow/ISSUE.md	99	docs/issues/drafts/vendor-and-document-maintainer-merge-workflow/
historical-closed-doc	docs/issues/closed/2022-vendor-and-document-maintainer-merge-workflow/ISSUE.md	178	contrib/dev-tools/git/format-project-words.sh
historical-closed-doc	docs/issues/closed/2041-migrate-runtime-service-registry-metadata/evidence.md	200	docs/issues/drafts/fix-https-tracker-health-check-protocol.md
historical-closed-doc	docs/issues/closed/2067-1978-analyze-flat-service-configuration/analysis.md	168	src/bootstrap/app.rs::setup
historical-closed-doc	docs/issues/closed/2067-1978-analyze-flat-service-configuration/evidence.md	29	src/bootstrap/app.rs::setup
historical-closed-doc	docs/issues/closed/2067-1978-analyze-flat-service-configuration/evidence.md	45	packages/configuration/src/v3_0_0/mod.rs::tests::flat_service_configuration_prototype
brace-placeholder	docs/issues/closed/2067-1978-analyze-flat-service-configuration/evidence.md	99	src/app.rs::{start_jobs,start_udp_tracker_services,start_the_http_instances,start_the_http_api}
historical-closed-doc	docs/issues/closed/2067-1978-analyze-flat-service-configuration/max-connection-id-errors-per-ip-bug.md	58	src/container.rs::AppContainer::initialize
historical-closed-doc	docs/issues/closed/2067-1978-analyze-flat-service-configuration/max-connection-id-errors-per-ip-bug.md	59	packages/udp-core/src/container.rs::UdpTrackerCoreServices::initialize_from
historical-closed-doc	docs/issues/closed/2067-1978-analyze-flat-service-configuration/max-connection-id-errors-per-ip-bug.md	60	packages/udp-core/src/container.rs::UdpTrackerCoreContainer::initialize_from_services
glob-pattern	docs/issues/closed/2075-ai-agent-context-capability-and-portability-governance.md	280	.github/agents/*.agent.md
historical-closed-doc	docs/issues/closed/2107-1978-activate-persistence-free-v3-runtime-composition/container-regression-test-refactor-plan.md	223	contrib/dev-tools/containers/tests/README.md
historical-closed-doc	docs/issues/closed/2107-1978-activate-persistence-free-v3-runtime-composition/manual-m2-persistence-requirements.md	30	src/bootstrap/app.rs:41
brace-placeholder	docs/issues/closed/2107-1978-activate-persistence-free-v3-runtime-composition/persistence-capability-refactor.md	123	packages/tracker-core/src/statistics/event/{listener,handler}.rs
angle-placeholder	docs/issues/closed/2116-adr-placement-policy.md	62	packages/<package>/docs/adrs/
historical-closed-doc	docs/issues/closed/2134-fix-cognitive-complexity-lint-enforcement/ISSUE.md	89	src/statistics/event/handler.rs
historical-closed-doc	docs/issues/closed/2134-fix-cognitive-complexity-lint-enforcement/ISSUE.md	90	src/statistics/event/handler.rs
historical-closed-doc	docs/issues/closed/2134-fix-cognitive-complexity-lint-enforcement/ISSUE.md	91	src/statistics/event/listener.rs
historical-closed-doc	docs/issues/closed/2134-fix-cognitive-complexity-lint-enforcement/ISSUE.md	92	src/statistics/event/listener.rs
historical-closed-doc	docs/issues/closed/2134-fix-cognitive-complexity-lint-enforcement/ISSUE.md	106	src/banning/event/listener.rs
historical-closed-doc	docs/issues/closed/2134-fix-cognitive-complexity-lint-enforcement/ISSUE.md	107	src/handlers/error.rs
historical-closed-doc	docs/issues/closed/2134-fix-cognitive-complexity-lint-enforcement/ISSUE.md	108	src/statistics/event/listener.rs
glob-pattern	docs/issues/closed/2138-document-testing-strategy/ISSUE.md	72	packages/*/tests/
glob-pattern	docs/issues/closed/2138-document-testing-strategy/ISSUE.md	126	packages/*/tests/
historical-closed-doc	docs/issues/closed/2138-document-testing-strategy/ISSUE.md	239	docs/issues/drafts/document-testing-strategy/ISSUE.md
historical-closed-doc	docs/issues/closed/2138-document-testing-strategy/ISSUE.md	242	docs/issues/open/2138-document-testing-strategy/ISSUE.md
historical-closed-doc	docs/issues/closed/2138-document-testing-strategy/ISSUE.md	263	docs/issues/drafts/document-testing-strategy/ISSUE.md
historical-closed-doc	docs/issues/closed/2138-document-testing-strategy/ISSUE.md	267	docs/issues/drafts/document-testing-strategy/ISSUE.md
historical-closed-doc	docs/issues/closed/2138-document-testing-strategy/ISSUE.md	271	docs/issues/drafts/document-testing-strategy/ISSUE.md
historical-closed-doc	docs/issues/closed/2138-document-testing-strategy/ISSUE.md	275	docs/issues/open/2138-document-testing-strategy/ISSUE.md
historical-closed-doc	docs/issues/closed/2138-document-testing-strategy/ISSUE.md	279	docs/issues/open/2138-document-testing-strategy/ISSUE.md
historical-closed-doc	docs/issues/closed/2140-1347-review-axum-http-server-integration-tests/coverage-evidence.md	19	src/server.rs
historical-closed-doc	docs/issues/closed/2140-1347-review-axum-http-server-integration-tests/coverage-evidence.md	20	src/testing/environment.rs
historical-closed-doc	docs/issues/closed/2140-1347-review-axum-http-server-integration-tests/coverage-evidence.md	21	src/v1/extractors/announce_request.rs
historical-closed-doc	docs/issues/closed/2140-1347-review-axum-http-server-integration-tests/coverage-evidence.md	22	src/v1/extractors/authentication_key.rs
historical-closed-doc	docs/issues/closed/2140-1347-review-axum-http-server-integration-tests/coverage-evidence.md	23	src/v1/extractors/client_ip_sources.rs
historical-closed-doc	docs/issues/closed/2140-1347-review-axum-http-server-integration-tests/coverage-evidence.md	24	src/v1/extractors/scrape_request.rs
historical-closed-doc	docs/issues/closed/2140-1347-review-axum-http-server-integration-tests/coverage-evidence.md	25	src/v1/handlers/announce.rs
historical-closed-doc	docs/issues/closed/2140-1347-review-axum-http-server-integration-tests/coverage-evidence.md	26	src/v1/handlers/health_check.rs
historical-closed-doc	docs/issues/closed/2140-1347-review-axum-http-server-integration-tests/coverage-evidence.md	27	src/v1/handlers/scrape.rs
historical-closed-doc	docs/issues/closed/2140-1347-review-axum-http-server-integration-tests/coverage-evidence.md	28	src/v1/routes.rs
historical-closed-doc	docs/issues/closed/2143-rest-api-constant-time-token-comparison/ISSUE.md	110	src/servers/apis/v1/middlewares/auth.rs
historical-closed-doc	docs/issues/closed/2149-1347-add-focused-udp-server-package-tests/test-refactor-plans/contract-tests.md	34	src/server/receiver.rs
glob-pattern	docs/issues/closed/2150-add-lychee-link-checker/ISSUE.md	49	packages/*/README.md
glob-pattern	docs/issues/closed/2150-add-lychee-link-checker/ISSUE.md	49	.github/**/*.md
historical-closed-doc	docs/issues/closed/2150-add-lychee-link-checker/ISSUE.md	59	docs/testing.md#verification-plan
directory-reference	docs/issues/closed/2150-add-lychee-link-checker/ISSUE.md	69	src/linters/
glob-pattern	docs/issues/closed/2150-add-lychee-link-checker/ISSUE.md	97	docs/**/*.md
glob-pattern	docs/issues/closed/2150-add-lychee-link-checker/ISSUE.md	98	packages/*/README.md
glob-pattern	docs/issues/closed/2150-add-lychee-link-checker/ISSUE.md	98	contrib/**/*.md
glob-pattern	docs/issues/closed/2150-add-lychee-link-checker/ISSUE.md	99	.github/**/*.md
historical-closed-doc	docs/issues/closed/2150-add-lychee-link-checker/ISSUE.md	171	docs/issues/drafts/add-lychee-link-checker/ISSUE.md
historical-closed-doc	docs/issues/closed/2150-add-lychee-link-checker/ISSUE.md	189	docs/issues/drafts/add-lychee-link-checker/ISSUE.md
historical-closed-doc	docs/issues/closed/2150-add-lychee-link-checker/link-check-report.md	65	docs/issues/open/1768-refactor-update-dependencies-skill-automation.md
historical-closed-doc	docs/issues/closed/2151-add-tracker-config-path-argument/ISSUE.md	328	docs/issues/open/2151-add-tracker-config-path-argument/ISSUE.md
directory-reference	docs/issues/closed/2151-add-tracker-config-path-argument/ISSUE.md	366	docs/issues/open/2151-add-tracker-config-path-argument/
glob-pattern	docs/issues/closed/2155-2003-document-ai-agent-orchestration/ISSUE.md	69	.github/agents/*.agent.md
historical-closed-doc	docs/issues/closed/2155-2003-document-ai-agent-orchestration/ISSUE.md	79	docs/issues/drafts/2003-document-ai-agent-orchestration/ISSUE.md
historical-closed-doc	docs/issues/closed/2155-2003-document-ai-agent-orchestration/ISSUE.md	99	docs/copilot-pr-reviews/pr-2163-copilot-suggestions.md
glob-pattern	docs/issues/closed/2155-2003-document-ai-agent-orchestration/ISSUE.md	125	.github/agents/*.agent.md
historical-closed-doc	docs/issues/closed/2156-2003-create-markdown-template-skill/ISSUE.md	78	docs/issues/drafts/2003-create-markdown-template-skill/ISSUE.md
historical-closed-doc	docs/issues/closed/2156-2003-create-markdown-template-skill/ISSUE.md	96	docs/copilot-pr-reviews/pr-2170-copilot-suggestions.md
historical-closed-doc	docs/issues/closed/2156-2003-create-markdown-template-skill/ISSUE.md	97	docs/copilot-pr-reviews/pr-2170-copilot-suggestions.md
historical-closed-doc	docs/issues/closed/2156-2003-create-markdown-template-skill/ISSUE.md	98	docs/copilot-pr-reviews/pr-2170-copilot-suggestions.md
historical-closed-doc	docs/issues/closed/2156-2003-create-markdown-template-skill/template-candidate-inventory.md	30	docs/copilot-pr-reviews/EXAMPLE-COMPLETED.md
historical-closed-doc	docs/issues/closed/2156-2003-create-markdown-template-skill/template-candidate-inventory.md	30	docs/templates/COPILOT-SUGGESTIONS-TEMPLATE.md
directory-reference	docs/issues/closed/2160-2003-persist-independent-agent-review-reports/ISSUE.md	52	docs/copilot-pr-reviews/
historical-closed-doc	docs/issues/closed/2160-2003-persist-independent-agent-review-reports/ISSUE.md	80	docs/issues/drafts/2003-persist-independent-agent-review-reports/ISSUE.md
historical-closed-doc	docs/issues/closed/2160-2003-persist-independent-agent-review-reports/ISSUE.md	99	docs/copilot-pr-reviews/pr-2166-copilot-suggestions.md
historical-closed-doc	docs/issues/closed/2160-2003-persist-independent-agent-review-reports/ISSUE.md	100	docs/copilot-pr-reviews/pr-2166-copilot-suggestions.md
historical-closed-doc	docs/issues/closed/2160-2003-persist-independent-agent-review-reports/ISSUE.md	101	docs/copilot-pr-reviews/pr-2166-copilot-suggestions.md
historical-closed-doc	docs/issues/closed/2160-2003-persist-independent-agent-review-reports/ISSUE.md	102	docs/copilot-pr-reviews/pr-2166-copilot-suggestions.md
directory-reference	docs/issues/closed/2160-2003-persist-independent-agent-review-reports/ISSUE.md	128	docs/copilot-pr-reviews/
historical-closed-doc	docs/issues/closed/2160-2003-persist-independent-agent-review-reports/ISSUE.md	128	docs/copilot-pr-reviews/pr-2163-copilot-suggestions.md
historical-closed-doc	docs/issues/closed/2162-enforce-lychee-and-schedule-external-link-checks/ISSUE.md	100	docs/issues/drafts/enforce-lychee-and-schedule-external-link-checks/ISSUE.md
historical-closed-doc	docs/issues/closed/2162-enforce-lychee-and-schedule-external-link-checks/ISSUE.md	114	docs/issues/drafts/enforce-lychee-and-schedule-external-link-checks/ISSUE.md
historical-closed-doc	docs/issues/closed/2175-merge-tool-symlink-exceptions/ISSUE.md	179	docs/issues/drafts/merge-tool-symlink-exceptions/ISSUE.md
directory-reference	docs/issues/closed/2175-merge-tool-symlink-exceptions/ISSUE.md	202	docs/issues/open/2175-merge-tool-symlink-exceptions/
historical-closed-doc	docs/issues/closed/2203-template-catalog-and-cargo-dependency-pr-template/ISSUE.md	119	docs/issues/open/2203-template-catalog-and-cargo-dependency-pr-template/ISSUE.md
historical-closed-doc	docs/issues/closed/2203-template-catalog-and-cargo-dependency-pr-template/ISSUE.md	139	docs/issues/open/2203-template-catalog-and-cargo-dependency-pr-template/ISSUE.md
angle-placeholder	docs/issues/closed/2219-2003-unify-pr-review-processing/ISSUE.md	74	docs/pr-reviews/pr-<PR_NUMBER>-…
directory-reference	docs/issues/closed/2219-2003-unify-pr-review-processing/ISSUE.md	119	docs/copilot-pr-reviews/
directory-reference	docs/issues/closed/2219-2003-unify-pr-review-processing/ISSUE.md	120	docs/pr-review-feedback/
historical-closed-doc	docs/issues/closed/2219-2003-unify-pr-review-processing/ISSUE.md	172	docs/contributing
directory-reference	docs/issues/closed/2219-2003-unify-pr-review-processing/ISSUE.md	174	docs/copilot-pr-reviews/
directory-reference	docs/issues/closed/2219-2003-unify-pr-review-processing/ISSUE.md	174	docs/pr-review-feedback/
angle-placeholder	docs/issues/closed/2219-2003-unify-pr-review-processing/ISSUE.md	177	docs/pr-reviews/pr-<PR_NUMBER>-review.md
angle-placeholder	docs/issues/closed/2219-2003-unify-pr-review-processing/ISSUE.md	236	docs/pr-reviews/pr-<PR_NUMBER>-review.md
angle-placeholder	docs/issues/closed/2219-2003-unify-pr-review-processing/ISSUE.md	277	docs/pr-reviews/pr-<PR_NUMBER>-review.md
directory-reference	docs/issues/closed/2219-2003-unify-pr-review-processing/ISSUE.md	295	docs/copilot-pr-reviews/
directory-reference	docs/issues/closed/2219-2003-unify-pr-review-processing/ISSUE.md	295	docs/pr-review-feedback/
historical-closed-doc	docs/issues/closed/2219-2003-unify-pr-review-processing/ISSUE.md	303	docs/(copilot-pr-reviews|pr-review-feedback)|process-(copilot-suggestions|pr-review-feedback)
angle-placeholder	docs/issues/closed/2219-2003-unify-pr-review-processing/ISSUE.md	307	docs/copilot-pr-reviews/pr-<PR_NUMBER>-copilot-suggestions.md
angle-placeholder	docs/issues/closed/2219-2003-unify-pr-review-processing/ISSUE.md	308	docs/pr-reviews/pr-<PR_NUMBER>-review.md
historical-closed-doc	docs/issues/closed/2219-2003-unify-pr-review-processing/ISSUE.md	360	.github/PULL_REQUEST_TEMPLATE/review-findings.md
historical-closed-doc	docs/issues/closed/2219-2003-unify-pr-review-processing/ISSUE.md	384	docs/issues/drafts/2003-unify-pr-review-processing/ISSUE.md
historical-closed-doc	docs/issues/closed/2219-2003-unify-pr-review-processing/ISSUE.md	404	docs/pr-review-feedback/pr-2174-review-feedback.md
historical-closed-doc	docs/issues/closed/2219-2003-unify-pr-review-processing/agent-review-reports.md	21	docs/issues/open/2219-2003-unify-pr-review-processing/ISSUE.md
historical-closed-doc	docs/issues/closed/2219-2003-unify-pr-review-processing/agent-review-reports.md	23	.github/PULL_REQUEST_TEMPLATE/review-findings.md
historical-closed-doc	docs/issues/closed/2219-2003-unify-pr-review-processing/agent-review-reports.md	51	docs/issues/open/2219-2003-unify-pr-review-processing/ISSUE.md
angle-placeholder	docs/issues/closed/2219-2003-unify-pr-review-processing/agent-review-reports.md	76	docs/pr-reviews/pr-<PR_NUMBER>-review.md
historical-closed-doc	docs/issues/closed/2219-2003-unify-pr-review-processing/agent-review-reports.md	96	docs/issues/open/2219-2003-unify-pr-review-processing/ISSUE.md
historical-closed-doc	docs/issues/closed/2219-2003-unify-pr-review-processing/agent-review-reports.md	111	docs/issues/open/2219-2003-unify-pr-review-processing/manual-verification-evidence.md
historical-closed-doc	docs/issues/closed/2219-2003-unify-pr-review-processing/agent-review-reports.md	122	docs/issues/open/2219-2003-unify-pr-review-processing/ISSUE.md
historical-closed-doc	docs/issues/closed/2219-2003-unify-pr-review-processing/agent-review-reports.md	149	docs/issues/open/2219-2003-unify-pr-review-processing/ISSUE.md
historical-closed-doc	docs/issues/closed/2219-2003-unify-pr-review-processing/agent-review-reports.md	206	docs/issues/open/2219-2003-unify-pr-review-processing/ISSUE.md
historical-closed-doc	docs/issues/closed/2219-2003-unify-pr-review-processing/manual-verification-evidence.md	50	packages/udp-server/src/handlers/mod.rs:268
historical-closed-doc	docs/issues/closed/2219-2003-unify-pr-review-processing/manual-verification-evidence.md	51	packages/udp-server/src/server/request_buffer.rs:141
historical-closed-doc	docs/issues/closed/2219-2003-unify-pr-review-processing/manual-verification-evidence.md	52	packages/udp-server/src/statistics/event/handler/error.rs:116
historical-closed-doc	docs/issues/closed/2221-1488-si-5-migrate-activity-metrics-updater/ISSUE.md	197	docs/issues/drafts/1488-si-5-migrate-activity-metrics-updater/ISSUE.md
historical-closed-doc	docs/issues/closed/672-http-tracker-client-print-unrecognized-responses.md	124	packages/tracker-client/src/http/client/responses/scrape.rs
historical-closed-doc	docs/issues/closed/672-http-tracker-client-print-unrecognized-responses.md	234	packages/tracker-client/src/http/client/responses/scrape.rs
historical-closed-doc	docs/issues/closed/999-1978-optional-database-configuration/ISSUE.md	148	packages/configuration::Validator
historical-closed-doc	docs/issues/closed/999-1978-optional-database-configuration/adr-draft.md	50	packages/configuration::Validator
historical-closed-doc	docs/issues/closed/999-1978-optional-database-configuration/analysis.md	99	src/bootstrap/app.rs::setup
historical-closed-doc	docs/issues/closed/999-1978-optional-database-configuration/analysis.md	102	packages/tracker-core/src/container.rs::TrackerCoreContainer::initialize_from
historical-closed-doc	docs/issues/closed/999-1978-optional-database-configuration/analysis.md	170	src/app.rs::load_whitelisted_torrents
historical-closed-doc	docs/issues/closed/999-1978-optional-database-configuration/analysis.md	226	src/app.rs::start_the_http_api
historical-closed-doc	docs/issues/closed/999-1978-optional-database-configuration/analysis.md	238	packages/test-helpers/src/configuration.rs::ephemeral_configuration
historical-closed-doc	docs/issues/closed/999-1978-optional-database-configuration/analysis.md	249	src/app.rs::start_the_http_api
historical-closed-doc	docs/issues/closed/999-1978-optional-database-configuration/analysis.md	296	src/bootstrap/app.rs::setup
historical-closed-doc	docs/issues/closed/999-1978-optional-database-configuration/solution.md	104	packages/configuration::Validator
historical-closed-doc	docs/issues/closed/999-1978-optional-database-configuration/solution.md	133	packages/configuration::Validator
historical-open-issue-reference	docs/issues/drafts/1669-01-establish-baseline-analysis/ISSUE.md	79	docs/issues/open/1669-overhaul-packages/workspace-coupling-report.md
historical-open-issue-reference	docs/issues/drafts/1669-01-establish-baseline-analysis/ISSUE.md	87	docs/issues/open/1669-overhaul-packages/workspace-coupling-report.md
historical-open-issue-reference	docs/issues/drafts/1669-01-establish-baseline-analysis/ISSUE.md	113	docs/issues/open/1669-overhaul-packages/workspace-coupling-report.md
historical-open-issue-reference	docs/issues/drafts/1669-01-establish-baseline-analysis/ISSUE.md	182	docs/issues/open/1669-overhaul-packages/workspace-coupling-report.md
historical-open-issue-reference	docs/issues/drafts/1669-01-establish-baseline-analysis/ISSUE.md	206	docs/issues/open/1669-overhaul-packages/workspace-coupling-report.md
glob-pattern	docs/issues/drafts/1669-update-all-package-readmes/ISSUE.md	142	packages/*/README.md
rust-source-example	docs/issues/drafts/cli-output-contract-migration/ISSUE.md	51	packages/udp-tracker-core/src/services/banning.rs
brace-placeholder	docs/issues/drafts/cli-output-contract-migration/ISSUE.md	52	packages/tracker-core/src/databases/driver/{mysql,postgres}/mod.rs
rust-source-example	docs/issues/drafts/cli-output-contract-migration/ISSUE.md	53	packages/tracker-core/src/bin/persistence_benchmark/runner.rs
rust-source-example	docs/issues/drafts/cli-output-contract-migration/ISSUE.md	85	packages/udp-tracker-core/src/services/banning.rs
glob-pattern	docs/issues/drafts/increase-main-app-integration-test-coverage/ISSUE.md	35	packages/*/tests/
glob-pattern	docs/issues/drafts/increase-main-app-integration-test-coverage/ISSUE.md	62	packages/*/tests/
glob-pattern	docs/issues/drafts/increase-main-app-integration-test-coverage/ISSUE.md	81	packages/*/tests/
directory-reference	docs/issues/drafts/increase-main-app-integration-test-coverage/ISSUE.md	84	packages/http-protocol/tests/
directory-reference	docs/issues/drafts/increase-main-app-integration-test-coverage/ISSUE.md	85	packages/udp-protocol/tests/
directory-reference	docs/issues/drafts/increase-main-app-integration-test-coverage/ISSUE.md	87	packages/swarm-coordination-registry/tests/
other-missing-literal	docs/issues/open/1347-overhaul-packages-testing/subissue-spec-guidelines.md	171	docs/pr-review-feedback/pr-2174-review-feedback.md
directory-reference	docs/issues/open/1669-overhaul-packages/DECISIONS.md	280	src/testing/
rust-source-example	docs/issues/open/1669-overhaul-packages/DECISIONS.md	292	src/environment.rs
rust-source-example	docs/issues/open/1669-overhaul-packages/DECISIONS.md	292	src/testing/environment.rs
directory-reference	docs/issues/open/1669-overhaul-packages/DECISIONS.md	293	src/testing/
directory-reference	docs/issues/open/1669-overhaul-packages/DECISIONS.md	307	src/testing/
directory-reference	docs/issues/open/1669-overhaul-packages/DECISIONS.md	313	src/testing/
rust-source-example	docs/issues/open/1669-overhaul-packages/DECISIONS.md	314	src/environment.rs
rust-source-example	docs/issues/open/1669-overhaul-packages/DECISIONS.md	320	packages/axum-rest-api-server/src/environment.rs
rust-source-example	docs/issues/open/1669-overhaul-packages/DECISIONS.md	321	packages/axum-http-server/src/environment.rs
rust-source-example	docs/issues/open/1669-overhaul-packages/DECISIONS.md	322	packages/udp-server/src/environment.rs
rust-source-example	docs/issues/open/1669-overhaul-packages/DECISIONS.md	557	packages/udp-server/src/environment.rs
rust-source-example	docs/issues/open/1669-overhaul-packages/DECISIONS.md	558	packages/axum-http-server/src/environment.rs
retired-source-path	docs/issues/open/1669-overhaul-packages/DECISIONS.md	831	packages/protocol
retired-source-path	docs/issues/open/1669-overhaul-packages/EPIC.md	132	packages/bencode
retired-source-path	docs/issues/open/1669-overhaul-packages/EPIC.md	133	packages/dht
retired-source-path	docs/issues/open/1669-overhaul-packages/EPIC.md	134	packages/disk
retired-source-path	docs/issues/open/1669-overhaul-packages/EPIC.md	135	packages/handshake
retired-source-path	docs/issues/open/1669-overhaul-packages/EPIC.md	136	packages/info-hash
retired-source-path	docs/issues/open/1669-overhaul-packages/EPIC.md	137	packages/magnet
retired-source-path	docs/issues/open/1669-overhaul-packages/EPIC.md	138	packages/metainfo
retired-source-path	docs/issues/open/1669-overhaul-packages/EPIC.md	139	packages/peer
retired-source-path	docs/issues/open/1669-overhaul-packages/EPIC.md	140	packages/peer-id
retired-source-path	docs/issues/open/1669-overhaul-packages/EPIC.md	141	packages/select
retired-source-path	docs/issues/open/1669-overhaul-packages/EPIC.md	142	packages/util
retired-source-path	docs/issues/open/1669-overhaul-packages/EPIC.md	225	packages/bencode
retired-source-path	docs/issues/open/1669-overhaul-packages/EPIC.md	226	packages/dht
retired-source-path	docs/issues/open/1669-overhaul-packages/EPIC.md	227	packages/disk
retired-source-path	docs/issues/open/1669-overhaul-packages/EPIC.md	228	packages/handshake
retired-source-path	docs/issues/open/1669-overhaul-packages/EPIC.md	229	packages/info-hash
retired-source-path	docs/issues/open/1669-overhaul-packages/EPIC.md	230	packages/magnet
retired-source-path	docs/issues/open/1669-overhaul-packages/EPIC.md	231	packages/metainfo
retired-source-path	docs/issues/open/1669-overhaul-packages/EPIC.md	232	packages/peer
retired-source-path	docs/issues/open/1669-overhaul-packages/EPIC.md	233	packages/peer-id
retired-source-path	docs/issues/open/1669-overhaul-packages/EPIC.md	234	packages/select
retired-source-path	docs/issues/open/1669-overhaul-packages/EPIC.md	235	packages/util
other-missing-literal	docs/issues/open/1669-overhaul-packages/EPIC.md	239	contrib/bencode
retired-source-path	docs/issues/open/1669-overhaul-packages/EPIC.md	241	packages/peer-id
other-missing-literal	docs/issues/open/1669-overhaul-packages/EPIC.md	610	contrib/bencode
other-missing-literal	docs/issues/open/1669-overhaul-packages/EPIC.md	639	contrib/bencode
other-missing-literal	docs/issues/open/1669-overhaul-packages/EPIC.md	729	contrib/bencode
retired-source-path	docs/issues/open/1669-overhaul-packages/workspace-coupling-report-proposed-merge.md	33	packages/protocol
retired-source-path	docs/issues/open/1669-overhaul-packages/workspace-coupling-report-proposed-merge.md	962	packages/protocol
directory-reference	docs/issues/open/1768-refactor-update-dependencies-skill-automation/ISSUE.md	79	.github/skills/dev/maintenance/update-dependencies/scripts/
other-missing-literal	docs/issues/open/1840-improve-pr-workflow-performance-epic/EPIC.md	79	docs/issues/drafts/1840-workflow-performance-split-external-dep-cache-layer/ISSUE.md
historical-open-issue-reference	docs/issues/open/1840-improve-pr-workflow-performance-epic/EPIC.md	83	docs/issues/open/1875-review-lto-fat-in-dev-profile/ISSUE.md
historical-open-issue-reference	docs/issues/open/1840-improve-pr-workflow-performance-epic/EPIC.md	148	docs/issues/open/1875-review-lto-fat-in-dev-profile/ISSUE.md
historical-open-issue-reference	docs/issues/open/1840-improve-pr-workflow-performance-epic/EPIC.md	149	docs/issues/open/1875-review-lto-fat-in-dev-profile/ISSUE.md
directory-reference	docs/issues/open/1843-migrate-git-hooks-scripts-from-bash-to-rust/ISSUE.md	195	contrib/dev-tools/git/git-hooks-runner/
other-missing-literal	docs/issues/open/2157-2003-require-documented-clippy-allows/ISSUE.md	89	docs/issues/drafts/2003-require-documented-clippy-allows/ISSUE.md
other-missing-literal	docs/issues/open/2157-2003-require-documented-clippy-allows/ISSUE.md	102	docs/pr-review-feedback/pr-2177-review-feedback.md
other-missing-literal	docs/issues/open/2157-2003-require-documented-clippy-allows/ISSUE.md	104	docs/copilot-pr-reviews/pr-2177-copilot-suggestions.md
other-missing-literal	docs/issues/open/2157-2003-require-documented-clippy-allows/agent-review-reports.md	21	contrib/dev-tools/checks/require-documented-clippy-allows.sh
other-missing-literal	docs/issues/open/2157-2003-require-documented-clippy-allows/agent-review-reports.md	21	contrib/dev-tools/checks/tests/test-require-documented-clippy-allows.sh
other-missing-literal	docs/issues/open/2157-2003-require-documented-clippy-allows/agent-review-reports.md	61	contrib/dev-tools/checks/require-documented-clippy-allows.sh
brace-placeholder	docs/issues/open/2157-2003-require-documented-clippy-allows/agent-review-reports.md	130	contrib/dev-tools/checks/clippy-allow-reasons/{Cargo.toml,src/main.rs,src/lib.rs,tests/cli.rs}
brace-placeholder	docs/issues/open/2157-2003-require-documented-clippy-allows/agent-review-reports.md	159	contrib/dev-tools/checks/clippy-allow-reasons/{src/main.rs,src/lib.rs,tests/cli.rs}
other-missing-literal	docs/issues/open/2158-2003-inventory-existing-clippy-allows/ISSUE.md	90	docs/issues/drafts/2003-inventory-existing-clippy-allows/ISSUE.md
other-missing-literal	docs/issues/open/2159-2003-adopt-folder-style-issue-specs/ISSUE.md	97	docs/issues/drafts/2003-adopt-folder-style-issue-specs/ISSUE.md
other-missing-literal	docs/issues/open/2185-2003-triage-advisory-external-link-check-findings/ISSUE.md	110	docs/issues/drafts/2003-triage-advisory-external-link-check-findings/ISSUE.md
directory-reference	docs/issues/open/2185-2003-triage-advisory-external-link-check-findings/external-link-baseline.md	40	docs/copilot-pr-reviews/
glob-pattern	docs/issues/open/2222-1347-package-coverage-regression-ci/ISSUE.md	80	packages/*
rust-source-example	docs/issues/open/269-review-dependency-licenses/evidence.md	99	src/bloom.rs
rust-source-example	docs/issues/open/269-review-dependency-licenses/evidence.md	99	src/valuevec.rs
historical-review-record	docs/pr-reviews/pr-1967-review/PR-REVIEW.md	42	docs/issues/open/1965-1669-si-34-consolidate-duplicate-http-types/ISSUE.md
historical-review-record	docs/pr-reviews/pr-1967-review/PR-REVIEW.md	43	docs/issues/open/1965-1669-si-34-consolidate-duplicate-http-types/manual-verification.md
historical-review-record	docs/pr-reviews/pr-1967-review/PR-REVIEW.md	44	docs/issues/open/1966-1669-si-35-consolidate-duplicate-udp-types.md
historical-review-record	docs/pr-reviews/pr-1993-review/PR-REVIEW.md	35	docs/features/shutdown-process/open-questions.md
historical-review-record	docs/pr-reviews/pr-1993-review/PR-REVIEW.md	36	docs/features/shutdown-process/open-questions.md
historical-review-record	docs/pr-reviews/pr-1993-review/PR-REVIEW.md	41	docs/issues/open/1586-evaluate-job-manager-join-set/ISSUE.md
historical-review-record	docs/pr-reviews/pr-1993-review/PR-REVIEW.md	42	docs/issues/open/1588-review-shutdown-process-for-all-tasks-jobs/ISSUE.md
html-comment	docs/pr-reviews/pr-2007-review/PR-REVIEW.md	52	docs/copilot-pr-reviews/pr-2007-copilot-suggestions.md
historical-review-record	docs/pr-reviews/pr-2008-review/PR-REVIEW.md	56	docs/copilot-pr-reviews/pr-2008-copilot-suggestions.md
historical-review-record	docs/pr-reviews/pr-2008-review/PR-REVIEW.md	57	docs/issues/open/2006-fix-fork-pr-coverage-upload-workflow.md
historical-review-record	docs/pr-reviews/pr-2008-review/PR-REVIEW.md	60	docs/copilot-pr-reviews/pr-2008-copilot-suggestions.md
html-comment	docs/pr-reviews/pr-2008-review/PR-REVIEW.md	61	docs/copilot-pr-reviews/pr-2008-copilot-suggestions.md
historical-review-record	docs/pr-reviews/pr-2008-review/PR-REVIEW.md	63	docs/copilot-pr-reviews/pr-2008-copilot-suggestions.md
historical-review-record	docs/pr-reviews/pr-2013-review/PR-REVIEW.md	49	docs/issues/open/1875-review-lto-fat-in-dev-profile/ISSUE.md
html-comment	docs/pr-reviews/pr-2013-review/PR-REVIEW.md	50	docs/copilot-pr-reviews/pr-2013-copilot-suggestions.md
historical-review-record	docs/pr-reviews/pr-2013-review/PR-REVIEW.md	51	docs/copilot-pr-reviews/pr-2013-copilot-suggestions.md
historical-review-record	docs/pr-reviews/pr-2013-review/PR-REVIEW.md	52	docs/copilot-pr-reviews/pr-2013-copilot-suggestions.md
historical-review-record	docs/pr-reviews/pr-2020-review/PR-REVIEW.md	44	contrib/dev-tools/git/tests/test-format-project-words.sh
historical-review-record	docs/pr-reviews/pr-2020-review/PR-REVIEW.md	45	contrib/dev-tools/git/format-project-words.sh
historical-review-record	docs/pr-reviews/pr-2020-review/PR-REVIEW.md	48	docs/issues/open/2019-automatically-format-project-dictionary.md
historical-review-record	docs/pr-reviews/pr-2020-review/PR-REVIEW.md	49	docs/issues/open/2019-automatically-format-project-dictionary.md
historical-review-record	docs/pr-reviews/pr-2020-review/PR-REVIEW.md	50	contrib/dev-tools/git/format-project-words.sh
historical-review-record	docs/pr-reviews/pr-2020-review/PR-REVIEW.md	51	docs/issues/open/2019-automatically-format-project-dictionary.md
historical-review-record	docs/pr-reviews/pr-2020-review/PR-REVIEW.md	53	contrib/dev-tools/git/format-project-words.sh
historical-review-record	docs/pr-reviews/pr-2020-review/PR-REVIEW.md	54	docs/copilot-pr-reviews/pr-2020-copilot-suggestions.md
historical-review-record	docs/pr-reviews/pr-2020-review/PR-REVIEW.md	56	contrib/dev-tools/git/tests/test-format-project-words.sh
historical-review-record	docs/pr-reviews/pr-2020-review/PR-REVIEW.md	57	contrib/dev-tools/git/tests/test-format-project-words.sh
historical-review-record	docs/pr-reviews/pr-2020-review/PR-REVIEW.md	58	contrib/dev-tools/git/tests/test-format-project-words.sh
historical-review-record	docs/pr-reviews/pr-2020-review/PR-REVIEW.md	59	contrib/dev-tools/git/tests/test-format-project-words.sh
historical-review-record	docs/pr-reviews/pr-2020-review/PR-REVIEW.md	60	contrib/dev-tools/git/tests/test-format-project-words.sh
historical-review-record	docs/pr-reviews/pr-2020-review/PR-REVIEW.md	61	contrib/dev-tools/git/tests/test-format-project-words.sh
historical-review-record	docs/pr-reviews/pr-2020-review/PR-REVIEW.md	63	contrib/dev-tools/git/tests/test-format-project-words.sh
historical-review-record	docs/pr-reviews/pr-2020-review/PR-REVIEW.md	64	docs/issues/open/2019-automatically-format-project-dictionary/ISSUE.md
historical-review-record	docs/pr-reviews/pr-2020-review/PR-REVIEW.md	66	docs/copilot-pr-reviews/pr-2020-copilot-suggestions.md
historical-review-record	docs/pr-reviews/pr-2027-review/PR-REVIEW.md	35	docs/copilot-pr-reviews/pr-2027-copilot-suggestions.md
historical-review-record	docs/pr-reviews/pr-2027-review/PR-REVIEW.md	36	docs/issues/open/2022-vendor-and-document-maintainer-merge-workflow/ISSUE.md
historical-review-record	docs/pr-reviews/pr-2027-review/PR-REVIEW.md	38	docs/copilot-pr-reviews/pr-2027-copilot-suggestions.md
historical-review-record	docs/pr-reviews/pr-2027-review/PR-REVIEW.md	40	docs/copilot-pr-reviews/pr-2027-copilot-suggestions.md
historical-review-record	docs/pr-reviews/pr-2027-review/PR-REVIEW.md	41	docs/issues/open/2022-vendor-and-document-maintainer-merge-workflow/ISSUE.md
historical-review-record	docs/pr-reviews/pr-2027-review/PR-REVIEW.md	42	docs/copilot-pr-reviews/pr-2027-copilot-suggestions.md
historical-review-record	docs/pr-reviews/pr-2027-review/PR-REVIEW.md	43	docs/issues/open/2022-vendor-and-document-maintainer-merge-workflow/ISSUE.md
historical-review-record	docs/pr-reviews/pr-2085-review/PR-REVIEW.md	26	docs/issues/open/1978-configuration-overhaul-epic/EPIC.md
historical-review-record	docs/pr-reviews/pr-2094-review/PR-REVIEW.md	32	docs/issues/open/999-1978-optional-database-configuration/baseline-e2e-verification.md
historical-review-record	docs/pr-reviews/pr-2094-review/PR-REVIEW.md	33	docs/issues/open/999-1978-optional-database-configuration/ISSUE.md
historical-review-record	docs/pr-reviews/pr-2097-review/PR-REVIEW.md	46	docs/issues/open/2095-organize-runtime-architecture-documentation.md
historical-review-record	docs/pr-reviews/pr-2098-review/PR-REVIEW.md	46	docs/issues/open/999-1978-optional-database-configuration/persistence-unavailable-scenarios.md
historical-review-record	docs/pr-reviews/pr-2098-review/PR-REVIEW.md	47	docs/issues/open/999-1978-optional-database-configuration/solution.md
historical-review-record	docs/pr-reviews/pr-2110-review/PR-REVIEW.md	32	docs/issues/open/1029-do-not-publish-docker-tags-with-v-prefix.md
historical-review-record	docs/pr-reviews/pr-2110-review/PR-REVIEW.md	33	docs/issues/open/1029-do-not-publish-docker-tags-with-v-prefix.md
historical-review-record	docs/pr-reviews/pr-2119-review/PR-REVIEW.md	33	docs/issues/open/2114-consider-removing-bloom-filter/ISSUE.md
historical-review-record	docs/pr-reviews/pr-2126-review/PR-REVIEW.md	45	docs/issues/open/2121-propagate-bootstrap-startup-errors/ISSUE.md
historical-review-record	docs/pr-reviews/pr-2128-review/PR-REVIEW.md	46	docs/issues/open/1348-1347-add-tests-axum-http-server/ISSUE.md
historical-review-record	docs/pr-reviews/pr-2131-review/PR-REVIEW.md	43	docs/issues/open/2130-rename-peer-updated-milliseconds-ago-to-updated-at-ms/ISSUE.md
historical-review-record	docs/pr-reviews/pr-2137-review/PR-REVIEW.md	37	docs/issues/open/2136-1347-add-tests-axum-http-server/ISSUE.md
historical-review-record	docs/pr-reviews/pr-2139-review/PR-REVIEW.md	50	docs/issues/open/2138-document-testing-strategy/ISSUE.md
historical-review-record	docs/pr-reviews/pr-2139-review/PR-REVIEW.md	51	docs/issues/open/2138-document-testing-strategy/ISSUE.md
historical-review-record	docs/pr-reviews/pr-2153-review/PR-REVIEW.md	28	docs/issues/open/2151-add-tracker-config-path-argument/ISSUE.md
historical-review-record	docs/pr-reviews/pr-2153-review/PR-REVIEW.md	29	docs/issues/open/2151-add-tracker-config-path-argument/ISSUE.md
historical-review-record	docs/pr-reviews/pr-2164-review/PR-REVIEW.md	35	docs/issues/open/1586-evaluate-job-manager-join-set/ISSUE.md
historical-review-record	docs/pr-reviews/pr-2171-review/PR-REVIEW.md	32	docs/issues/open/2169-1488-si-4-migrate-torrent-cleanup/ISSUE.md
historical-review-record	docs/pr-reviews/pr-2171-review/PR-REVIEW.md	33	docs/issues/open/2169-1488-si-4-migrate-torrent-cleanup/ISSUE.md
historical-review-record	docs/pr-reviews/pr-2171-review/PR-REVIEW.md	34	docs/issues/open/2169-1488-si-4-migrate-torrent-cleanup/ISSUE.md
historical-review-record	docs/pr-reviews/pr-2176-review/PR-REVIEW.md	37	docs/issues/open/2175-merge-tool-symlink-exceptions/ISSUE.md
historical-review-record	docs/pr-reviews/pr-2176-review/PR-REVIEW.md	38	docs/issues/open/2175-merge-tool-symlink-exceptions/ISSUE.md
historical-review-record	docs/pr-reviews/pr-2176-review/PR-REVIEW.md	39	docs/copilot-pr-reviews/pr-2176-copilot-suggestions.md
historical-review-record	docs/pr-reviews/pr-2176-review/PR-REVIEW.md	40	docs/copilot-pr-reviews/pr-2176-copilot-suggestions.md
historical-review-record	docs/pr-reviews/pr-2176-review/PR-REVIEW.md	41	docs/issues/open/2175-merge-tool-symlink-exceptions/ISSUE.md
historical-review-record	docs/pr-reviews/pr-2176-review/PR-REVIEW.md	42	docs/issues/open/2175-merge-tool-symlink-exceptions/ISSUE.md
historical-review-record	docs/pr-reviews/pr-2177-copilot-suggestions-legacy/PR-REVIEW.md	30	contrib/dev-tools/checks/require-documented-clippy-allows.sh
historical-review-record	docs/pr-reviews/pr-2177-copilot-suggestions-legacy/PR-REVIEW.md	31	contrib/dev-tools/checks/require-documented-clippy-allows.sh
historical-review-record	docs/pr-reviews/pr-2177-copilot-suggestions-legacy/PR-REVIEW.md	32	contrib/dev-tools/checks/require-documented-clippy-allows.sh
historical-review-record	docs/pr-reviews/pr-2177-copilot-suggestions-legacy/PR-REVIEW.md	33	contrib/dev-tools/checks/tests/test-require-documented-clippy-allows.sh
historical-review-record	docs/pr-reviews/pr-2182-review/PR-REVIEW.md	47	docs/issues/open/2162-enforce-lychee-and-schedule-external-link-checks/ISSUE.md
historical-review-record	docs/pr-reviews/pr-2182-review/PR-REVIEW.md	48	docs/issues/open/2162-enforce-lychee-and-schedule-external-link-checks/agent-review-reports.md
historical-review-record	docs/pr-reviews/pr-2205-review/PR-REVIEW.md	48	docs/issues/open/2203-template-catalog-and-cargo-dependency-pr-template/ISSUE.md
historical-review-record	docs/pr-reviews/pr-2220-review/PR-REVIEW.md	46	docs/issues/open/2219-2003-unify-pr-review-processing/ISSUE.md
historical-review-record	docs/pr-reviews/pr-2220-review/PR-REVIEW.md	47	docs/issues/open/2219-2003-unify-pr-review-processing/ISSUE.md
historical-review-record	docs/pr-reviews/pr-2220-review/PR-REVIEW.md	48	docs/issues/open/2219-2003-unify-pr-review-processing/ISSUE.md
historical-review-record	docs/pr-reviews/pr-2224-review/PR-REVIEW.md	52	docs/issues/open/2221-1488-si-5-migrate-activity-metrics-updater/ISSUE.md
historical-review-record	docs/pr-reviews/pr-2224-review/PR-REVIEW.md	53	docs/issues/open/2221-1488-si-5-migrate-activity-metrics-updater/agent-review-reports.md
historical-review-record	docs/pr-reviews/pr-2232-review/PR-REVIEW.md	56	.github/PULL_REQUEST_TEMPLATE/review-findings.md
angle-placeholder	docs/pr-reviews/pr-2232-review/PR-REVIEW.md	96	docs/pr-reviews/pr-<N>-copilot-suggestions.md
historical-review-record	docs/pr-reviews/pr-2232-review/PR-REVIEW.md	152	.github/PULL_REQUEST_TEMPLATE/review-findings.md
historical-closed-doc	docs/refactor-plans/closed/1178-monitor-udp-post-implementation-improvements.md	18	docs/issues/open/1178-tracker-checker-udp-add-monitor-uptime-command.md
historical-closed-doc	docs/refactor-plans/closed/1178-monitor-udp-post-implementation-improvements.md	28	docs/issues/open/1178-tracker-checker-udp-add-monitor-uptime-command.md
historical-closed-doc	docs/refactor-plans/closed/1178-monitor-udp-post-implementation-improvements.md	39	docs/issues/open/1178-tracker-checker-udp-add-monitor-uptime-command.md
historical-closed-doc	docs/refactor-plans/closed/1178-monitor-udp-post-implementation-improvements.md	52	docs/issues/open/1178-tracker-checker-udp-add-monitor-uptime-command.md
historical-closed-doc	docs/refactor-plans/closed/1178-monitor-udp-post-implementation-improvements.md	96	docs/issues/open/1178-tracker-checker-udp-add-monitor-uptime-command.md
historical-closed-doc	docs/refactor-plans/closed/1178-monitor-udp-post-implementation-improvements.md	108	docs/issues/open/1178-tracker-checker-udp-add-monitor-uptime-command.md
historical-closed-doc	docs/refactor-plans/closed/1178-monitor-udp-post-implementation-improvements.md	161	docs/issues/open/1178-tracker-checker-udp-add-monitor-uptime-command.md
historical-closed-doc	docs/refactor-plans/closed/1178-monitor-udp-post-implementation-improvements.md	180	docs/issues/open/1178-tracker-checker-udp-add-monitor-uptime-command.md
historical-closed-doc	docs/refactor-plans/closed/agent-docs-refactor-plan.md	175	.github/agents/reviewer.agent.md
historical-closed-doc	docs/refactor-plans/closed/agent-docs-refactor-plan.md	240	.github/agents/reviewer.agent.md
rust-source-example	docs/research/20260716-console-shutdown-patterns/README.md	142	src/signal.rs
rust-source-example	docs/research/20260716-console-shutdown-patterns/README.md	147	src/signal.rs
angle-placeholder	docs/skills/semantic-skill-link-convention.md	59	docs/pr-reviews/pr-<PR_NUMBER>-review.md
glob-pattern	docs/skills/semantic-skill-link-convention.md	111	.github/workflows/*.yaml
angle-placeholder	docs/templates/ADR.md	17	packages/<package>/docs/adrs/
brace-placeholder	docs/templates/EPIC.md	45	docs/issues/open/{number}-{slug}/ISSUE.md
brace-placeholder	docs/templates/EPIC.md	46	docs/issues/open/{number}-{slug}/ISSUE.md
ellipsis-placeholder	docs/templates/EPIC.md	122	docs/adrs/...
ellipsis-placeholder	docs/templates/ISSUE.md	48	docs/adrs/...
brace-placeholder	docs/templates/ISSUE.md	109	docs/issues/drafts/{short-description}/ISSUE.md
ellipsis-placeholder	docs/templates/ISSUE.md	224	docs/adrs/...
angle-placeholder	docs/templates/README.md	20	packages/<package>/docs/adrs/
angle-placeholder	docs/templates/README.md	28	docs/pr-reviews/pr-<number>-review.md
directory-reference	docs/templates/SECURITY-ANALYSIS.md	15	docs/security/analysis/affecting/
directory-reference	packages/AGENTS.md	67	src/databases/driver/
directory-reference	packages/AGENTS.md	86	src/v2_0_0/
angle-placeholder	packages/AGENTS.md	120	packages/<new-package>/
directory-reference	packages/configuration/AGENTS.md	8	src/v3_0_0/
directory-reference	packages/configuration/AGENTS.md	8	src/v2_0_0/
rust-source-example	packages/configuration/AGENTS.md	46	src/v3_0_0/public_url.rs
historical-legacy-issue-path	packages/tracker-core/docs/benchmarking/README.md	21	docs/issues/1710-1525-03-persistence-benchmarking.md
historical-legacy-issue-path	packages/tracker-core/docs/benchmarking/README.md	35	docs/issues/1717-1525-05-migrate-sqlite-and-mysql-to-sqlx.md
historical-legacy-issue-path	packages/tracker-core/docs/benchmarking/README.md	49	docs/issues/1723-1525-08-add-postgresql-driver.md
angle-placeholder	packages/tracker-core/docs/benchmarking/README.md	80	packages/tracker-core/docs/benchmarking/machine/YYYY-MM-DD-<host>.txt
historical-legacy-issue-path	packages/tracker-core/docs/benchmarking/README.md	92	docs/issues/1717-1525-05-migrate-sqlite-and-mysql-to-sqlx.md
historical-legacy-issue-path	packages/tracker-core/docs/benchmarking/README.md	95	docs/issues/1723-1525-08-add-postgresql-driver.md
historical-legacy-issue-path	packages/tracker-core/docs/benchmarking/runs/2026-04-28/REPORT.md	5	docs/issues/1710-1525-03-persistence-benchmarking.md
historical-legacy-issue-path	packages/tracker-core/docs/benchmarking/runs/2026-04-28/REPORT.md	64	docs/issues/1525-05-migrate-sqlite-and-mysql-to-sqlx.md
historical-legacy-issue-path	packages/tracker-core/docs/benchmarking/runs/2026-04-30/REPORT.md	6	docs/issues/1717-1525-05-migrate-sqlite-and-mysql-to-sqlx.md
rust-source-example	packages/tracker-core/docs/benchmarking/runs/2026-04-30/REPORT.md	111	packages/tracker-core/src/bin/persistence_benchmark/driver_bench/database/mysql.rs
historical-legacy-issue-path	packages/tracker-core/docs/benchmarking/runs/2026-05-01/REPORT.md	6	docs/issues/1723-1525-08-add-postgresql-driver.md
rust-source-example	src/AGENTS.md	103	src/bootstrap/jobs/new_service.rs
glob-pattern	tests/AGENTS.md	36	packages/*/tests/
directory-reference	tests/AGENTS.md	39	packages/http-protocol/tests/
directory-reference	tests/AGENTS.md	39	packages/udp-protocol/tests/
directory-reference	tests/AGENTS.md	41	packages/swarm-coordination-registry/tests/
